country,period_label,target_period_start,target_period_end,fusion_score,stage,trend,confidence_score,confidence_level,group_count,expected_group_count,available_group_count,available_group_ratio,confidence_coverage_component,confidence_recency_component,confidence_completeness_component,confidence_consistency_component,confidence_dominance_penalty,confidence_limited_penalty,dominant_group_contribution_share,groups_used,dominant_group,dominant_group_delta,top_positive_group_1,top_positive_group_1_contribution,top_positive_group_2,top_positive_group_2_contribution,strongest_change_group,strongest_change_delta,no_material_change,interpretation_status,bonus_applied,bonus_points
Germany,2025-05,2025-05-01,2025-05-31,38.28,erhoeht,kein_vergleich,91.15,hoch,7,7,7,1.0,100.0,91.01,89.29,73.85,0.0,0.0,0.2861,"displacement,event,governance,market_food,narrative,shock,structural",,,market_food,10.95,shock,8.58,,,True,standard,False,0.0
Israel,2025-05,2025-05-01,2025-05-31,53.38,erhoeht,kein_vergleich,91.43,hoch,7,7,7,1.0,100.0,91.01,90.53,73.64,0.0,0.0,0.1773,"displacement,event,governance,market_food,narrative,shock,structural",,,event,9.47,narrative,8.02,,,True,standard,False,0.0
Iran,2025-05,2025-05-01,2025-05-31,62.41,hoch,kein_vergleich,91.71,hoch,7,7,7,1.0,100.0,91.01,91.3,74.18,0.0,0.0,0.1949,"displacement,event,governance,market_food,narrative,shock,structural",,,event,12.16,structural,10.0,,,True,standard,False,0.0
Ukraine,2025-05,2025-05-01,2025-05-31,56.89,erhoeht,kein_vergleich,91.57,hoch,7,7,7,1.0,100.0,91.01,91.0,73.78,0.0,0.0,0.2005,"displacement,event,governance,market_food,narrative,shock,structural",,,event,11.4,governance,9.12,,,True,standard,False,0.0
Russia,2025-05,2025-05-01,2025-05-31,53.84,erhoeht,kein_vergleich,91.48,hoch,7,7,7,1.0,100.0,91.01,90.76,73.58,0.0,0.0,0.1971,"displacement,event,governance,market_food,narrative,shock,structural",,,event,10.61,governance,8.41,,,True,standard,False,0.0
Japan,2025-05,2025-05-01,2025-05-31,26.95,niedrig,kein_vergleich,90.99,hoch,7,7,7,1.0,100.0,91.01,88.77,73.64,0.0,0.0,0.2706,"displacement,event,governance,market_food,narrative,shock,structural",,,market_food,7.29,shock,6.07,,,True,standard,False,0.0
China,2025-05,2025-05-01,2025-05-31,39.68,erhoeht,kein_vergleich,91.18,hoch,7,7,7,1.0,100.0,91.01,89.93,72.94,0.0,0.0,0.2013,"displacement,event,governance,market_food,narrative,shock,structural",,,event,7.99,governance,6.17,,,True,standard,False,0.0
Taiwan,2025-05,2025-05-01,2025-05-31,39.52,erhoeht,kein_vergleich,91.19,hoch,7,7,7,1.0,100.0,91.01,90.14,72.64,0.0,0.0,0.219,"displacement,event,governance,market_food,narrative,shock,structural",,,event,8.65,governance,6.74,,,True,standard,False,0.0
Poland,2025-05,2025-05-01,2025-05-31,33.8,niedrig,kein_vergleich,91.13,hoch,7,7,7,1.0,100.0,91.01,89.59,73.17,0.0,0.0,0.2031,"displacement,event,governance,market_food,narrative,shock,structural",,,event,6.86,governance,5.29,,,True,standard,False,0.0
Nigeria,2025-05,2025-05-01,2025-05-31,55.9,erhoeht,kein_vergleich,91.5,hoch,7,7,7,1.0,100.0,91.01,90.89,73.48,0.0,0.0,0.1957,"displacement,event,governance,market_food,narrative,shock,structural",,,event,10.94,governance,8.79,,,True,standard,False,0.0
Germany,2025-06,2025-06-01,2025-06-30,43.54,erhoeht,zunehmend,90.59,hoch,7,7,7,1.0,100.0,89.23,89.53,72.66,0.0,0.0,0.3326,"displacement,event,governance,market_food,narrative,shock,structural",market_food,19.63,market_food,14.48,shock,9.67,market_food,19.63,False,standard,False,0.0
Israel,2025-06,2025-06-01,2025-06-30,63.82,hoch,zunehmend,91.17,hoch,7,7,7,1.0,100.0,89.23,91.11,73.87,0.0,0.0,0.1976,"displacement,event,governance,market_food,narrative,shock,structural",market_food,29.54,market_food,12.61,governance,9.42,market_food,29.54,False,standard,False,0.0
Iran,2025-06,2025-06-01,2025-06-30,76.73,hoch,zunehmend,90.97,hoch,7,7,7,1.0,100.0,89.23,91.77,71.45,0.0,0.0,0.1918,"displacement,event,governance,market_food,narrative,shock,structural",market_food,44.75,market_food,14.72,event,11.43,market_food,44.75,False,standard,False,0.0
Ukraine,2025-06,2025-06-01,2025-06-30,63.29,hoch,zunehmend,91.19,hoch,7,7,7,1.0,100.0,89.23,91.29,73.74,0.0,0.0,0.168,"displacement,event,governance,market_food,narrative,shock,structural",market_food,20.56,event,10.64,governance,9.95,market_food,20.56,False,standard,False,0.0
Russia,2025-06,2025-06-01,2025-06-30,61.5,hoch,zunehmend,91.07,hoch,7,7,7,1.0,100.0,89.23,91.07,73.28,0.0,0.0,0.1674,"displacement,event,governance,market_food,narrative,shock,structural",market_food,25.4,market_food,10.29,event,9.8,market_food,25.4,False,standard,False,0.0
Japan,2025-06,2025-06-01,2025-06-30,37.11,erhoeht,zunehmend,90.38,hoch,7,7,7,1.0,100.0,89.23,88.96,72.23,0.0,0.0,0.3768,"displacement,event,governance,market_food,narrative,shock,structural",market_food,37.19,market_food,13.99,shock,9.4,market_food,37.19,False,standard,False,0.0
China,2025-06,2025-06-01,2025-06-30,46.59,erhoeht,zunehmend,90.84,hoch,7,7,7,1.0,100.0,89.23,90.13,73.35,0.0,0.0,0.2227,"displacement,event,governance,market_food,narrative,shock,structural",market_food,30.82,market_food,10.37,event,7.19,market_food,30.82,False,standard,False,0.0
Taiwan,2025-06,2025-06-01,2025-06-30,51.32,erhoeht,zunehmend,90.99,hoch,7,7,7,1.0,100.0,89.23,90.34,73.96,0.0,0.0,0.1667,"displacement,event,governance,market_food,narrative,shock,structural",shock,30.28,market_food,8.55,shock,7.97,shock,30.28,False,standard,False,0.0
Poland,2025-06,2025-06-01,2025-06-30,42.33,erhoeht,zunehmend,90.89,hoch,7,7,7,1.0,100.0,89.23,89.77,74.25,0.0,0.0,0.2309,"displacement,event,governance,market_food,narrative,shock,structural",market_food,28.99,market_food,9.77,shock,7.57,market_food,28.99,False,standard,False,0.0
Nigeria,2025-06,2025-06-01,2025-06-30,63.39,hoch,zunehmend,91.25,hoch,7,7,7,1.0,100.0,89.23,91.29,74.12,0.0,0.0,0.1615,"displacement,event,governance,market_food,narrative,shock,structural",market_food,21.09,event,10.24,governance,9.92,market_food,21.09,False,standard,False,0.0
Germany,2025-07,2025-07-01,2025-07-31,39.3,erhoeht,ruecklaeufig,90.14,hoch,7,7,7,1.0,100.0,87.38,89.3,73.1,0.0,0.0,0.2983,"displacement,event,governance,market_food,narrative,shock,structural",market_food,-15.33,market_food,11.72,shock,8.61,market_food,-15.33,False,standard,False,0.0
Israel,2025-07,2025-07-01,2025-07-31,66.68,hoch,zunehmend,90.68,hoch,7,7,7,1.0,100.0,87.38,91.23,73.49,0.0,0.0,0.2071,"displacement,event,governance,market_food,narrative,shock,structural",market_food,6.66,market_food,13.81,shock,9.79,market_food,6.66,False,standard,False,0.0
Iran,2025-07,2025-07-01,2025-07-31,76.73,hoch,stabil,90.51,hoch,7,7,7,1.0,100.0,87.38,91.77,71.45,0.0,0.0,0.1918,"displacement,event,governance,market_food,narrative,shock,structural",event,2.89,market_food,14.72,event,11.89,event,2.89,False,standard,False,0.0
Ukraine,2025-07,2025-07-01,2025-07-31,74.75,hoch,zunehmend,90.81,hoch,7,7,7,1.0,100.0,87.38,91.76,73.48,0.0,0.0,0.1845,"displacement,event,governance,market_food,narrative,shock,structural",market_food,25.56,market_food,13.79,governance,11.33,market_food,25.56,False,standard,False,0.0
Russia,2025-07,2025-07-01,2025-07-31,73.1,hoch,zunehmend,90.54,hoch,7,7,7,1.0,100.0,87.38,91.5,72.11,0.0,0.0,0.2119,"displacement,event,governance,market_food,narrative,shock,structural",market_food,28.87,market_food,15.49,governance,10.56,market_food,28.87,False,standard,False,0.0
Japan,2025-07,2025-07-01,2025-07-31,38.73,erhoeht,stabil,89.85,hoch,7,7,7,1.0,100.0,87.38,88.99,71.73,0.0,0.0,0.3885,"displacement,event,governance,market_food,narrative,shock,structural",market_food,5.9,market_food,15.05,shock,9.87,market_food,5.9,False,standard,False,0.0
China,2025-07,2025-07-01,2025-07-31,52.62,erhoeht,zunehmend,90.46,hoch,7,7,7,1.0,100.0,87.38,90.26,73.65,0.0,0.0,0.2348,"displacement,event,governance,market_food,narrative,shock,structural",narrative,17.85,market_food,12.36,narrative,7.62,narrative,17.85,False,standard,False,0.0
Taiwan,2025-07,2025-07-01,2025-07-31,56.14,erhoeht,zunehmend,90.46,hoch,7,7,7,1.0,100.0,87.38,90.46,73.32,0.0,0.0,0.2134,"displacement,event,governance,market_food,narrative,shock,structural",market_food,19.03,market_food,11.98,shock,8.67,market_food,19.03,False,standard,False,0.0
Poland,2025-07,2025-07-01,2025-07-31,45.83,erhoeht,zunehmend,90.3,hoch,7,7,7,1.0,100.0,87.38,89.83,73.32,0.0,0.0,0.2613,"displacement,event,governance,market_food,narrative,shock,structural",market_food,12.24,market_food,11.98,shock,8.56,market_food,12.24,False,standard,False,0.0
Nigeria,2025-07,2025-07-01,2025-07-31,75.6,hoch,zunehmend,90.58,hoch,7,7,7,1.0,100.0,87.38,91.77,71.96,0.0,0.0,0.2025,"displacement,event,governance,market_food,narrative,shock,structural",market_food,31.53,market_food,15.31,governance,11.37,market_food,31.53,False,standard,False,0.0
Germany,2025-08,2025-08-01,2025-08-31,28.49,niedrig,ruecklaeufig,89.75,hoch,7,7,7,1.0,100.0,85.71,89.0,73.83,0.0,0.0,0.2484,"displacement,event,governance,market_food,narrative,shock,structural",shock,-28.58,market_food,7.08,event,5.64,shock,-28.58,False,standard,False,0.0
Israel,2025-08,2025-08-01,2025-08-31,58.41,erhoeht,ruecklaeufig,90.04,hoch,7,7,7,1.0,100.0,85.71,90.64,72.98,0.0,0.0,0.1961,"displacement,event,governance,market_food,narrative,shock,structural",market_food,-21.5,event,11.45,market_food,9.94,market_food,-21.5,False,standard,False,0.0
Iran,2025-08,2025-08-01,2025-08-31,77.97,hoch,stabil,90.09,hoch,7,7,7,1.0,100.0,85.71,91.77,71.45,0.0,0.0,0.1888,"displacement,event,governance,market_food,narrative,shock,structural",event,8.29,market_food,14.72,event,13.22,event,8.29,False,standard,False,0.0
Ukraine,2025-08,2025-08-01,2025-08-31,77.67,hoch,zunehmend,90.17,hoch,7,7,7,1.0,100.0,85.71,91.77,71.98,0.0,0.0,0.1975,"displacement,event,governance,market_food,narrative,shock,structural",event,10.05,market_food,15.34,event,12.45,event,10.05,False,standard,False,0.0
Russia,2025-08,2025-08-01,2025-08-31,73.06,hoch,stabil,90.21,hoch,7,7,7,1.0,100.0,85.71,91.47,72.77,0.0,0.0,0.2,"displacement,event,governance,market_food,narrative,shock,structural",event,9.94,market_food,14.62,event,11.64,event,9.94,False,standard,False,0.0
Japan,2025-08,2025-08-01,2025-08-31,34.23,erhoeht,ruecklaeufig,89.78,hoch,7,7,7,1.0,100.0,85.71,88.91,74.14,0.0,0.0,0.3298,"displacement,event,governance,market_food,narrative,shock,structural",market_food,-20.88,market_food,11.29,shock,8.72,market_food,-20.88,False,standard,False,0.0
China,2025-08,2025-08-01,2025-08-31,56.33,erhoeht,zunehmend,89.91,hoch,7,7,7,1.0,100.0,85.71,90.33,72.63,0.0,0.0,0.2565,"displacement,event,governance,market_food,narrative,shock,structural",market_food,11.64,market_food,14.45,event,8.2,market_food,11.64,False,standard,False,0.0
Taiwan,2025-08,2025-08-01,2025-08-31,61.92,hoch,zunehmend,89.89,hoch,7,7,7,1.0,100.0,85.71,90.57,72.1,0.0,0.0,0.2499,"displacement,event,governance,market_food,narrative,shock,structural",market_food,19.43,market_food,15.48,shock,9.45,market_food,19.43,False,standard,False,0.0
Poland,2025-08,2025-08-01,2025-08-31,48.19,erhoeht,zunehmend,89.82,hoch,7,7,7,1.0,100.0,85.71,89.86,72.82,0.0,0.0,0.2706,"displacement,event,governance,market_food,narrative,shock,structural",market_food,5.9,market_food,13.04,shock,9.04,market_food,5.9,False,standard,False,0.0
Nigeria,2025-08,2025-08-01,2025-08-31,72.14,hoch,ruecklaeufig,90.39,hoch,7,7,7,1.0,100.0,85.71,91.61,73.73,0.0,0.0,0.1737,"displacement,event,governance,market_food,narrative,shock,structural",market_food,-15.92,event,12.53,market_food,12.44,market_food,-15.92,False,standard,False,0.0
Germany,2025-09,2025-09-01,2025-09-30,23.26,niedrig,ruecklaeufig,89.61,hoch,7,7,7,1.0,100.0,85.71,88.8,73.22,0.0,0.0,0.1937,"displacement,event,governance,market_food,narrative,shock,structural",market_food,-14.28,market_food,4.51,shock,4.27,market_food,-14.28,False,standard,False,0.0
Israel,2025-09,2025-09-01,2025-09-30,46.36,erhoeht,ruecklaeufig,90.07,hoch,7,7,7,1.0,100.0,85.71,90.24,73.87,0.0,0.0,0.2109,"displacement,event,governance,market_food,narrative,shock,structural",market_food,-25.3,event,9.77,narrative,7.59,market_food,-25.3,False,standard,False,0.0
Iran,2025-09,2025-09-01,2025-09-30,59.75,erhoeht,ruecklaeufig,90.19,hoch,7,7,7,1.0,100.0,85.71,91.24,72.98,0.0,0.0,0.2212,"displacement,event,governance,market_food,narrative,shock,structural",market_food,-55.23,event,13.21,governance,9.79,market_food,-55.23,False,standard,False,0.0
Ukraine,2025-09,2025-09-01,2025-09-30,64.51,hoch,ruecklaeufig,90.37,hoch,7,7,7,1.0,100.0,85.71,91.29,74.11,0.0,0.0,0.2048,"displacement,event,governance,market_food,narrative,shock,structural",market_food,-38.61,event,13.21,governance,9.92,market_food,-38.61,False,standard,False,0.0
Russia,2025-09,2025-09-01,2025-09-30,57.04,erhoeht,ruecklaeufig,90.23,hoch,7,7,7,1.0,100.0,85.71,90.84,73.94,0.0,0.0,0.2128,"displacement,event,governance,market_food,narrative,shock,structural",market_food,-42.63,event,12.14,governance,8.66,market_food,-42.63,False,standard,False,0.0
Japan,2025-09,2025-09-01,2025-09-30,30.44,niedrig,ruecklaeufig,89.76,hoch,7,7,7,1.0,100.0,85.71,88.84,74.15,0.0,0.0,0.3173,"displacement,event,governance,market_food,narrative,shock,structural",shock,-9.97,market_food,9.66,shock,7.32,shock,-9.97,False,standard,False,0.0
China,2025-09,2025-09-01,2025-09-30,43.98,erhoeht,ruecklaeufig,89.95,hoch,7,7,7,1.0,100.0,85.71,90.07,73.37,0.0,0.0,0.1893,"displacement,event,governance,market_food,narrative,shock,structural",market_food,-38.03,event,8.33,market_food,7.6,market_food,-38.03,False,standard,False,0.0
Taiwan,2025-09,2025-09-01,2025-09-30,55.36,erhoeht,ruecklaeufig,90.09,hoch,7,7,7,1.0,100.0,85.71,90.41,73.73,0.0,0.0,0.1954,"displacement,event,governance,market_food,narrative,shock,structural",market_food,-25.9,market_food,10.81,event,9.11,market_food,-25.9,False,standard,False,0.0
Poland,2025-09,2025-09-01,2025-09-30,42.02,erhoeht,ruecklaeufig,89.9,hoch,7,7,7,1.0,100.0,85.71,89.77,73.54,0.0,0.0,0.2151,"displacement,event,governance,market_food,narrative,shock,structural",market_food,-22.23,market_food,9.04,shock,7.47,market_food,-22.23,False,standard,False,0.0
Nigeria,2025-09,2025-09-01,2025-09-30,57.84,erhoeht,ruecklaeufig,90.29,hoch,7,7,7,1.0,100.0,85.71,90.91,74.19,0.0,0.0,0.2185,"displacement,event,governance,market_food,narrative,shock,structural",market_food,-32.15,event,12.64,governance,8.85,market_food,-32.15,False,standard,False,0.0
Germany,2025-10,2025-10-01,2025-10-31,24.45,niedrig,stabil,89.71,hoch,7,7,7,1.0,100.0,85.71,88.84,73.83,0.0,0.0,0.2221,"displacement,event,governance,market_food,narrative,shock,structural",market_food,5.14,market_food,5.43,shock,4.33,market_food,5.14,False,standard,False,0.0
Israel,2025-10,2025-10-01,2025-10-31,44.67,erhoeht,stabil,89.95,hoch,7,7,7,1.0,100.0,85.71,90.23,73.12,0.0,0.0,0.2013,"displacement,event,governance,market_food,narrative,shock,structural",event,-4.89,event,8.99,narrative,7.58,event,-4.89,False,standard,False,0.0
Iran,2025-10,2025-10-01,2025-10-31,53.99,erhoeht,ruecklaeufig,90.03,hoch,7,7,7,1.0,100.0,85.71,91.09,72.21,0.0,0.0,0.2257,"displacement,event,governance,market_food,narrative,shock,structural",market_food,-13.25,event,12.18,structural,9.54,market_food,-13.25,False,standard,False,0.0
Ukraine,2025-10,2025-10-01,2025-10-31,52.33,erhoeht,ruecklaeufig,89.95,hoch,7,7,7,1.0,100.0,85.71,90.89,71.98,0.0,0.0,0.232,"displacement,event,governance,market_food,narrative,shock,structural",market_food,-31.82,event,12.14,governance,8.78,market_food,-31.82,False,standard,False,0.0
Russia,2025-10,2025-10-01,2025-10-31,48.13,erhoeht,ruecklaeufig,89.87,hoch,7,7,7,1.0,100.0,85.71,90.59,71.96,0.0,0.0,0.2254,"displacement,event,governance,market_food,narrative,shock,structural",market_food,-23.67,event,10.85,narrative,8.11,market_food,-23.67,False,standard,False,0.0
Japan,2025-10,2025-10-01,2025-10-31,23.87,niedrig,ruecklaeufig,89.49,hoch,7,7,7,1.0,100.0,85.71,88.71,72.57,0.0,0.0,0.22,"displacement,event,governance,market_food,narrative,shock,structural",market_food,-24.49,market_food,5.25,shock,5.18,market_food,-24.49,False,standard,False,0.0
China,2025-10,2025-10-01,2025-10-31,35.95,erhoeht,ruecklaeufig,89.71,hoch,7,7,7,1.0,100.0,85.71,89.83,72.19,0.0,0.0,0.232,"displacement,event,governance,market_food,narrative,shock,structural",market_food,-28.81,event,8.34,governance,5.9,market_food,-28.81,False,standard,False,0.0
Taiwan,2025-10,2025-10-01,2025-10-31,38.11,erhoeht,ruecklaeufig,89.79,hoch,7,7,7,1.0,100.0,85.71,90.1,72.24,0.0,0.0,0.2459,"displacement,event,governance,market_food,narrative,shock,structural",market_food,-46.92,event,9.37,governance,6.63,market_food,-46.92,False,standard,False,0.0
Poland,2025-10,2025-10-01,2025-10-31,32.02,niedrig,ruecklaeufig,89.73,hoch,7,7,7,1.0,100.0,85.71,89.56,72.75,0.0,0.0,0.2292,"displacement,event,governance,market_food,narrative,shock,structural",market_food,-31.25,event,7.34,governance,5.21,market_food,-31.25,False,standard,False,0.0
Nigeria,2025-10,2025-10-01,2025-10-31,50.12,erhoeht,ruecklaeufig,89.88,hoch,7,7,7,1.0,100.0,85.71,90.71,71.81,0.0,0.0,0.2216,"displacement,event,governance,market_food,narrative,shock,structural",market_food,-21.06,event,11.11,narrative,8.3,market_food,-21.06,False,standard,False,0.0
Germany,2025-11,2025-11-01,2025-11-30,36.73,erhoeht,zunehmend,89.87,hoch,7,7,7,1.0,100.0,85.71,89.21,74.27,0.0,0.0,0.2667,"displacement,event,governance,market_food,narrative,shock,structural",shock,28.13,market_food,9.8,shock,8.27,shock,28.13,False,standard,False,0.0
Israel,2025-11,2025-11-01,2025-11-30,55.55,erhoeht,zunehmend,90.12,hoch,7,7,7,1.0,100.0,85.71,90.6,73.64,0.0,0.0,0.175,"displacement,event,governance,market_food,narrative,shock,structural",market_food,24.69,event,9.72,market_food,9.07,market_food,24.69,False,standard,False,0.0
Iran,2025-11,2025-11-01,2025-11-30,60.15,hoch,zunehmend,90.28,hoch,7,7,7,1.0,100.0,85.71,91.27,73.58,0.0,0.0,0.2033,"displacement,event,governance,market_food,narrative,shock,structural",market_food,18.49,event,12.23,governance,9.88,market_food,18.49,False,standard,False,0.0
Ukraine,2025-11,2025-11-01,2025-11-30,56.1,erhoeht,zunehmend,90.25,hoch,7,7,7,1.0,100.0,85.71,91.0,73.78,0.0,0.0,0.2051,"displacement,event,governance,market_food,narrative,shock,structural",market_food,15.74,event,11.51,governance,9.12,market_food,15.74,False,standard,False,0.0
Russia,2025-11,2025-11-01,2025-11-30,52.27,erhoeht,zunehmend,90.04,hoch,7,7,7,1.0,100.0,85.71,90.74,72.83,0.0,0.0,0.2037,"displacement,event,governance,market_food,narrative,shock,structural",market_food,12.61,event,10.65,governance,8.39,market_food,12.61,False,standard,False,0.0
Japan,2025-11,2025-11-01,2025-11-30,28.71,niedrig,zunehmend,89.76,hoch,7,7,7,1.0,100.0,85.71,88.8,74.21,0.0,0.0,0.2882,"displacement,event,governance,market_food,narrative,shock,structural",market_food,16.79,market_food,8.27,shock,6.5,market_food,16.79,False,standard,False,0.0
China,2025-11,2025-11-01,2025-11-30,40.22,erhoeht,zunehmend,89.96,hoch,7,7,7,1.0,100.0,85.71,89.93,73.67,0.0,0.0,0.2021,"displacement,event,governance,market_food,narrative,shock,structural",market_food,17.81,event,8.13,governance,6.19,market_food,17.81,False,standard,False,0.0
Taiwan,2025-11,2025-11-01,2025-11-30,40.22,erhoeht,zunehmend,89.96,hoch,7,7,7,1.0,100.0,85.71,90.16,73.3,0.0,0.0,0.2222,"displacement,event,governance,market_food,narrative,shock,structural",market_food,11.36,event,8.94,governance,6.78,market_food,11.36,False,standard,False,0.0
Poland,2025-11,2025-11-01,2025-11-30,35.12,erhoeht,zunehmend,89.89,hoch,7,7,7,1.0,100.0,85.71,89.6,73.74,0.0,0.0,0.2035,"displacement,event,governance,market_food,narrative,shock,structural",market_food,11.79,event,7.15,market_food,5.54,market_food,11.79,False,standard,False,0.0
Nigeria,2025-11,2025-11-01,2025-11-30,55.19,erhoeht,zunehmend,90.18,hoch,7,7,7,1.0,100.0,85.71,90.9,73.48,0.0,0.0,0.1994,"displacement,event,governance,market_food,narrative,shock,structural",market_food,16.51,event,11.0,governance,8.81,market_food,16.51,False,standard,False,0.0
Germany,2025-12,2025-12-01,2025-12-31,47.74,erhoeht,zunehmend,93.28,hoch,7,7,7,1.0,100.0,100.0,89.64,72.43,0.0,0.0,0.3323,"displacement,event,governance,market_food,narrative,shock,structural",market_food,33.69,market_food,15.86,shock,10.25,market_food,33.69,False,standard,False,0.0
Israel,2025-12,2025-12-01,2025-12-31,70.28,hoch,zunehmend,93.62,hoch,7,7,7,1.0,100.0,100.0,91.26,72.01,0.0,0.0,0.2186,"displacement,event,governance,market_food,narrative,shock,structural",market_food,34.99,market_food,15.37,event,10.28,market_food,34.99,False,standard,False,0.0
Iran,2025-12,2025-12-01,2025-12-31,70.23,hoch,zunehmend,94.01,hoch,7,7,7,1.0,100.0,100.0,91.63,74.02,0.0,0.0,0.1687,"displacement,event,governance,market_food,narrative,shock,structural",market_food,24.48,event,11.84,governance,10.93,market_food,24.48,False,standard,False,0.0
Ukraine,2025-12,2025-12-01,2025-12-31,61.62,hoch,zunehmend,93.84,hoch,7,7,7,1.0,100.0,100.0,91.24,73.51,0.0,0.0,0.1748,"displacement,event,governance,market_food,narrative,shock,structural",shock,11.79,event,10.77,governance,9.8,shock,11.79,False,standard,False,0.0
Russia,2025-12,2025-12-01,2025-12-31,59.25,erhoeht,zunehmend,93.86,hoch,7,7,7,1.0,100.0,100.0,90.99,74.09,0.0,0.0,0.1682,"displacement,event,governance,market_food,narrative,shock,structural",market_food,19.19,event,9.96,governance,9.06,market_food,19.19,False,standard,False,0.0
Japan,2025-12,2025-12-01,2025-12-31,37.56,erhoeht,zunehmend,93.07,hoch,7,7,7,1.0,100.0,100.0,88.96,72.23,0.0,0.0,0.3724,"displacement,event,governance,market_food,narrative,shock,structural",market_food,31.74,market_food,13.99,shock,9.4,market_food,31.74,False,standard,False,0.0
China,2025-12,2025-12-01,2025-12-31,47.29,erhoeht,zunehmend,93.53,hoch,7,7,7,1.0,100.0,100.0,90.13,73.35,0.0,0.0,0.2193,"displacement,event,governance,market_food,narrative,shock,structural",market_food,26.38,market_food,10.37,event,7.29,market_food,26.38,False,standard,False,0.0
Taiwan,2025-12,2025-12-01,2025-12-31,51.19,erhoeht,zunehmend,93.56,hoch,7,7,7,1.0,100.0,100.0,90.33,73.18,0.0,0.0,0.156,"displacement,event,governance,market_food,narrative,shock,structural",shock,29.66,event,7.99,shock,7.94,shock,29.66,False,standard,False,0.0
Poland,2025-12,2025-12-01,2025-12-31,43.93,erhoeht,zunehmend,93.48,hoch,7,7,7,1.0,100.0,100.0,89.79,73.54,0.0,0.0,0.2411,"displacement,event,governance,market_food,narrative,shock,structural",market_food,28.09,market_food,10.59,shock,7.66,market_food,28.09,False,standard,False,0.0
Nigeria,2025-12,2025-12-01,2025-12-31,65.7,hoch,zunehmend,93.84,hoch,7,7,7,1.0,100.0,100.0,91.3,73.44,0.0,0.0,0.1632,"displacement,event,governance,market_food,narrative,shock,structural",market_food,25.78,event,10.72,market_food,10.48,market_food,25.78,False,standard,False,0.0
Germany,2026-01,2026-01-01,2026-01-31,42.94,erhoeht,ruecklaeufig,92.87,hoch,7,7,7,1.0,100.0,98.15,89.46,73.11,0.0,0.0,0.3113,"displacement,event,governance,market_food,narrative,shock,structural",market_food,-13.85,market_food,13.37,shock,9.35,market_food,-13.85,False,standard,False,0.0
Israel,2026-01,2026-01-01,2026-01-31,70.45,hoch,stabil,93.15,hoch,7,7,7,1.0,100.0,98.15,91.26,72.01,0.0,0.0,0.2181,"displacement,event,governance,market_food,narrative,shock,structural",event,4.21,market_food,15.37,event,10.96,event,4.21,False,standard,False,0.0
Iran,2026-01,2026-01-01,2026-01-31,78.16,hoch,zunehmend,93.2,hoch,7,7,7,1.0,100.0,98.15,91.77,71.45,0.0,0.0,0.1883,"displacement,event,governance,market_food,narrative,shock,structural",market_food,25.51,market_food,14.72,event,13.02,market_food,25.51,False,standard,False,0.0
Ukraine,2026-01,2026-01-01,2026-01-31,72.44,hoch,zunehmend,93.46,hoch,7,7,7,1.0,100.0,98.15,91.59,73.51,0.0,0.0,0.1683,"displacement,event,governance,market_food,narrative,shock,structural",market_food,26.39,market_food,12.19,event,11.96,market_food,26.39,False,standard,False,0.0
Russia,2026-01,2026-01-01,2026-01-31,68.36,hoch,zunehmend,93.38,hoch,7,7,7,1.0,100.0,98.15,91.29,73.49,0.0,0.0,0.1781,"displacement,event,governance,market_food,narrative,shock,structural",market_food,20.93,market_food,12.17,event,11.01,market_food,20.93,False,standard,False,0.0
Japan,2026-01,2026-01-01,2026-01-31,36.01,erhoeht,stabil,92.85,hoch,7,7,7,1.0,100.0,98.15,88.96,73.79,0.0,0.0,0.3475,"displacement,event,governance,market_food,narrative,shock,structural",market_food,-8.18,market_food,12.51,shock,9.4,market_food,-8.18,False,standard,False,0.0
China,2026-01,2026-01-01,2026-01-31,54.61,erhoeht,zunehmend,93.04,hoch,7,7,7,1.0,100.0,98.15,90.27,72.92,0.0,0.0,0.2409,"displacement,event,governance,market_food,narrative,shock,structural",narrative,17.95,market_food,13.15,event,7.82,narrative,17.95,False,standard,False,0.0
Taiwan,2026-01,2026-01-01,2026-01-31,55.39,erhoeht,zunehmend,93.2,hoch,7,7,7,1.0,100.0,98.15,90.41,73.73,0.0,0.0,0.1952,"displacement,event,governance,market_food,narrative,shock,structural",market_food,16.65,market_food,10.81,shock,8.42,market_food,16.65,False,standard,False,0.0
Poland,2026-01,2026-01-01,2026-01-31,50.06,erhoeht,zunehmend,92.85,hoch,7,7,7,1.0,100.0,98.15,89.89,72.26,0.0,0.0,0.28,"displacement,event,governance,market_food,narrative,shock,structural",market_food,19.04,market_food,14.02,shock,9.48,market_food,19.04,False,standard,False,0.0
Nigeria,2026-01,2026-01-01,2026-01-31,78.33,hoch,zunehmend,93.27,hoch,7,7,7,1.0,100.0,98.15,91.77,71.96,0.0,0.0,0.1955,"displacement,event,governance,market_food,narrative,shock,structural",market_food,26.84,market_food,15.31,event,12.61,market_food,26.84,False,standard,False,0.0
Germany,2026-02,2026-02-01,2026-02-28,32.5,niedrig,ruecklaeufig,92.51,hoch,7,7,7,1.0,100.0,96.49,89.04,74.16,0.0,0.0,0.2474,"displacement,event,governance,market_food,narrative,shock,structural",market_food,-29.61,market_food,8.04,shock,7.5,market_food,-29.61,False,standard,False,0.0
Israel,2026-02,2026-02-01,2026-02-28,56.54,erhoeht,ruecklaeufig,92.82,hoch,7,7,7,1.0,100.0,96.49,90.6,73.64,0.0,0.0,0.1782,"displacement,event,governance,market_food,narrative,shock,structural",market_food,-34.99,event,10.07,market_food,9.07,market_food,-34.99,False,standard,False,0.0
Iran,2026-02,2026-02-01,2026-02-28,78.37,hoch,stabil,92.78,hoch,7,7,7,1.0,100.0,96.49,91.77,71.45,0.0,0.0,0.1878,"displacement,event,governance,market_food,narrative,shock,structural",event,2.05,market_food,14.72,event,13.35,event,2.05,False,standard,False,0.0
Ukraine,2026-02,2026-02-01,2026-02-28,79.51,hoch,zunehmend,92.86,hoch,7,7,7,1.0,100.0,96.49,91.77,71.98,0.0,0.0,0.1929,"displacement,event,governance,market_food,narrative,shock,structural",market_food,17.47,market_food,15.34,event,13.33,market_food,17.47,False,standard,False,0.0
Russia,2026-02,2026-02-01,2026-02-28,74.24,hoch,zunehmend,93.02,hoch,7,7,7,1.0,100.0,96.49,91.47,73.52,0.0,0.0,0.1865,"displacement,event,governance,market_food,narrative,shock,structural",event,11.14,market_food,13.85,event,12.79,event,11.14,False,standard,False,0.0
Japan,2026-02,2026-02-01,2026-02-28,27.32,niedrig,ruecklaeufig,92.36,hoch,7,7,7,1.0,100.0,96.49,88.77,73.64,0.0,0.0,0.2669,"displacement,event,governance,market_food,narrative,shock,structural",market_food,-29.01,market_food,7.29,shock,6.07,market_food,-29.01,False,standard,False,0.0
China,2026-02,2026-02-01,2026-02-28,65.42,hoch,zunehmend,92.53,hoch,7,7,7,1.0,100.0,96.49,90.36,72.12,0.0,0.0,0.2369,"displacement,event,governance,market_food,narrative,shock,structural",shock,45.33,market_food,15.5,shock,13.96,shock,45.33,False,standard,False,0.0
Taiwan,2026-02,2026-02-01,2026-02-28,61.96,hoch,zunehmend,92.62,hoch,7,7,7,1.0,100.0,96.49,90.53,72.45,0.0,0.0,0.2298,"displacement,event,governance,market_food,narrative,shock,structural",market_food,19.03,market_food,14.24,event,10.01,market_food,19.03,False,standard,False,0.0
Poland,2026-02,2026-02-01,2026-02-28,54.86,erhoeht,zunehmend,92.45,hoch,7,7,7,1.0,100.0,96.49,89.96,72.25,0.0,0.0,0.2852,"displacement,event,governance,market_food,narrative,shock,structural",event,9.68,market_food,15.65,shock,10.76,event,9.68,False,standard,False,0.0
Nigeria,2026-02,2026-02-01,2026-02-28,78.48,hoch,stabil,92.86,hoch,7,7,7,1.0,100.0,96.49,91.77,71.96,0.0,0.0,0.1951,"displacement,event,governance,market_food,narrative,shock,structural",event,3.27,market_food,15.31,event,13.13,event,3.27,False,standard,False,0.0
Germany,2026-03,2026-03-01,2026-03-31,23.84,niedrig,ruecklaeufig,91.84,hoch,7,7,7,1.0,100.0,94.64,88.8,73.22,0.0,0.0,0.189,"displacement,event,governance,market_food,narrative,shock,structural",shock,-23.02,market_food,4.51,shock,4.28,shock,-23.02,False,standard,False,0.0
Israel,2026-03,2026-03-01,2026-03-31,44.59,erhoeht,ruecklaeufig,92.07,hoch,7,7,7,1.0,100.0,94.64,90.23,72.36,0.0,0.0,0.1976,"displacement,event,governance,market_food,narrative,shock,structural",market_food,-28.93,event,8.81,narrative,7.58,market_food,-28.93,False,standard,False,0.0
Iran,2026-03,2026-03-01,2026-03-31,67.2,hoch,ruecklaeufig,92.62,hoch,7,7,7,1.0,100.0,94.64,91.51,73.85,0.0,0.0,0.1827,"displacement,event,governance,market_food,narrative,shock,structural",market_food,-33.52,event,12.27,governance,10.59,market_food,-33.52,False,standard,False,0.0
Ukraine,2026-03,2026-03-01,2026-03-31,68.05,hoch,ruecklaeufig,92.54,hoch,7,7,7,1.0,100.0,94.64,91.41,73.47,0.0,0.0,0.1761,"displacement,event,governance,market_food,narrative,shock,structural",market_food,-26.77,event,11.98,market_food,10.52,market_food,-26.77,False,standard,False,0.0
Russia,2026-03,2026-03-01,2026-03-31,61.0,hoch,ruecklaeufig,92.47,hoch,7,7,7,1.0,100.0,94.64,91.0,73.76,0.0,0.0,0.1781,"displacement,event,governance,market_food,narrative,shock,structural",market_food,-25.74,event,10.86,market_food,9.21,market_food,-25.74,False,standard,False,0.0
Japan,2026-03,2026-03-01,2026-03-31,18.22,niedrig,ruecklaeufig,91.8,hoch,7,7,7,1.0,100.0,94.64,88.59,73.27,0.0,0.0,0.1911,"displacement,event,governance,market_food,narrative,shock,structural",market_food,-24.91,event,3.48,narrative,3.34,market_food,-24.91,False,standard,False,0.0
China,2026-03,2026-03-01,2026-03-31,46.2,erhoeht,ruecklaeufig,92.25,hoch,7,7,7,1.0,100.0,94.64,90.11,73.77,0.0,0.0,0.19,"displacement,event,governance,market_food,narrative,shock,structural",shock,-52.53,market_food,8.78,event,8.11,shock,-52.53,False,standard,False,0.0
Taiwan,2026-03,2026-03-01,2026-03-31,59.93,erhoeht,ruecklaeufig,92.23,hoch,7,7,7,1.0,100.0,94.64,90.5,72.98,0.0,0.0,0.2206,"displacement,event,governance,market_food,narrative,shock,structural",market_food,-5.68,market_food,13.22,event,9.41,market_food,-5.68,False,standard,False,0.0
Poland,2026-03,2026-03-01,2026-03-31,42.76,erhoeht,ruecklaeufig,92.15,hoch,7,7,7,1.0,100.0,94.64,89.77,73.61,0.0,0.0,0.2095,"displacement,event,governance,market_food,narrative,shock,structural",market_food,-37.17,market_food,8.96,shock,7.47,market_food,-37.17,False,standard,False,0.0
Nigeria,2026-03,2026-03-01,2026-03-31,58.69,erhoeht,ruecklaeufig,92.48,hoch,7,7,7,1.0,100.0,94.64,90.97,73.82,0.0,0.0,0.1851,"displacement,event,governance,market_food,narrative,shock,structural",market_food,-42.61,event,10.86,structural,9.06,market_food,-42.61,False,standard,False,0.0
Germany,2026-04,2026-04-01,2026-04-13,23.18,niedrig,stabil,91.39,hoch,7,7,7,1.0,100.0,92.79,88.8,73.25,0.0,0.0,0.1928,"displacement,event,governance,market_food,narrative,shock,structural",event,-3.74,market_food,4.47,shock,4.27,event,-3.74,False,standard,False,0.0
Israel,2026-04,2026-04-01,2026-04-13,40.02,erhoeht,ruecklaeufig,91.5,hoch,7,7,7,1.0,100.0,92.79,90.21,71.63,0.0,0.0,0.1888,"displacement,event,governance,market_food,narrative,shock,structural",narrative,-17.13,event,7.55,structural,7.11,narrative,-17.13,False,standard,False,0.0
Iran,2026-04,2026-04-01,2026-04-13,54.39,erhoeht,ruecklaeufig,91.9,hoch,7,7,7,1.0,100.0,92.79,91.13,72.78,0.0,0.0,0.1934,"displacement,event,governance,market_food,narrative,shock,structural",market_food,-29.48,event,10.52,structural,10.0,market_food,-29.48,False,standard,False,0.0
Ukraine,2026-04,2026-04-01,2026-04-13,53.08,erhoeht,ruecklaeufig,91.82,hoch,7,7,7,1.0,100.0,92.79,90.94,72.55,0.0,0.0,0.1935,"displacement,event,governance,market_food,narrative,shock,structural",market_food,-38.22,event,10.27,structural,9.6,market_food,-38.22,False,standard,False,0.0
Russia,2026-04,2026-04-01,2026-04-13,49.13,erhoeht,ruecklaeufig,91.74,hoch,7,7,7,1.0,100.0,92.79,90.64,72.53,0.0,0.0,0.1895,"displacement,event,governance,market_food,narrative,shock,structural",market_food,-30.84,event,9.31,structural,8.54,market_food,-30.84,False,standard,False,0.0
Japan,2026-04,2026-04-01,2026-04-13,17.72,niedrig,stabil,91.34,hoch,7,7,7,1.0,100.0,92.79,88.59,73.27,0.0,0.0,0.1883,"displacement,event,governance,market_food,narrative,shock,structural",event,-3.11,narrative,3.34,shock,3.03,event,-3.11,False,standard,False,0.0
China,2026-04,2026-04-01,2026-04-13,36.38,erhoeht,ruecklaeufig,91.59,hoch,7,7,7,1.0,100.0,92.79,89.84,72.86,0.0,0.0,0.1911,"displacement,event,governance,market_food,narrative,shock,structural",market_food,-30.53,event,6.95,governance,5.94,market_food,-30.53,False,standard,False,0.0
Taiwan,2026-04,2026-04-01,2026-04-13,41.59,erhoeht,ruecklaeufig,91.81,hoch,7,7,7,1.0,100.0,92.79,90.19,73.77,0.0,0.0,0.194,"displacement,event,governance,market_food,narrative,shock,structural",market_food,-42.83,event,8.07,governance,6.87,market_food,-42.83,False,standard,False,0.0
Poland,2026-04,2026-04-01,2026-04-13,29.38,niedrig,ruecklaeufig,91.44,hoch,7,7,7,1.0,100.0,92.79,89.51,72.39,0.0,0.0,0.2051,"displacement,event,governance,market_food,narrative,shock,structural",market_food,-37.59,event,6.03,governance,5.1,market_food,-37.59,False,standard,False,0.0
Nigeria,2026-04,2026-04-01,2026-04-13,50.12,erhoeht,ruecklaeufig,91.76,hoch,7,7,7,1.0,100.0,92.79,90.71,72.56,0.0,0.0,0.1857,"displacement,event,governance,market_food,narrative,shock,structural",market_food,-22.28,event,9.31,structural,9.06,market_food,-22.28,False,standard,False,0.0
