country,group,period_label,target_period_start,target_period_end,group_score,status,source_count,expected_source_count,source_coverage_ratio,confidence_score,confidence_level,sources_used
China,event,2025-05,2025-05-01,2025-05-31,49.93,ok,1,1,1.0,95.5,hoch,gdelt_event
China,narrative,2025-05,2025-05-01,2025-05-31,35.58,ok,1,1,1.0,89.62,hoch,narrative_input
China,governance,2025-05,2025-05-01,2025-05-31,41.16,ok,1,1,1.0,93.0,hoch,governance_input
China,market_food,2025-05,2025-05-01,2025-05-31,26.81,ok,2,2,1.0,96.84,hoch,"fao_ffpi,fao_fpma"
China,shock,2025-05,2025-05-01,2025-05-31,38.65,ok,1,1,1.0,93.0,hoch,gdacs
China,displacement,2025-05,2025-05-01,2025-05-31,43.87,ok,1,1,1.0,93.25,hoch,unhcr
China,structural,2025-05,2025-05-01,2025-05-31,45.99,ok,1,1,1.0,71.02,hoch,un_comtrade
Germany,event,2025-05,2025-05-01,2025-05-31,30.1,ok,1,1,1.0,95.5,hoch,gdelt_event
Germany,narrative,2025-05,2025-05-01,2025-05-31,32.52,ok,1,1,1.0,88.5,hoch,narrative_input
Germany,governance,2025-05,2025-05-01,2025-05-31,30.3,ok,1,1,1.0,93.0,hoch,governance_input
Germany,market_food,2025-05,2025-05-01,2025-05-31,60.83,ok,2,2,1.0,97.79,hoch,"fao_ffpi,fao_fpma"
Germany,shock,2025-05,2025-05-01,2025-05-31,61.32,ok,1,1,1.0,93.0,hoch,gdacs
Germany,displacement,2025-05,2025-05-01,2025-05-31,31.64,ok,1,1,1.0,93.25,hoch,unhcr
Germany,structural,2025-05,2025-05-01,2025-05-31,7.14,ok,1,1,1.0,71.02,hoch,un_comtrade
Iran,event,2025-05,2025-05-01,2025-05-31,76.01,ok,1,1,1.0,95.5,hoch,gdelt_event
Iran,narrative,2025-05,2025-05-01,2025-05-31,65.94,ok,1,1,1.0,92.03,hoch,narrative_input
Iran,governance,2025-05,2025-05-01,2025-05-31,66.46,ok,1,1,1.0,93.0,hoch,governance_input
Iran,market_food,2025-05,2025-05-01,2025-05-31,37.03,ok,2,2,1.0,98.14,hoch,"fao_ffpi,fao_fpma"
Iran,shock,2025-05,2025-05-01,2025-05-31,37.1,ok,1,1,1.0,93.0,hoch,gdacs
Iran,displacement,2025-05,2025-05-01,2025-05-31,70.74,ok,1,1,1.0,93.25,hoch,unhcr
Iran,structural,2025-05,2025-05-01,2025-05-31,99.97,ok,1,1,1.0,71.02,hoch,un_comtrade
Israel,event,2025-05,2025-05-01,2025-05-31,59.16,ok,1,1,1.0,95.5,hoch,gdelt_event
Israel,narrative,2025-05,2025-05-01,2025-05-31,57.3,ok,1,1,1.0,90.67,hoch,narrative_input
Israel,governance,2025-05,2025-05-01,2025-05-31,51.95,ok,1,1,1.0,93.0,hoch,governance_input
Israel,market_food,2025-05,2025-05-01,2025-05-31,40.53,ok,2,2,1.0,97.57,hoch,"fao_ffpi,fao_fpma"
Israel,shock,2025-05,2025-05-01,2025-05-31,50.09,ok,1,1,1.0,93.0,hoch,gdacs
Israel,displacement,2025-05,2025-05-01,2025-05-31,55.76,ok,1,1,1.0,93.25,hoch,unhcr
Israel,structural,2025-05,2025-05-01,2025-05-31,65.41,ok,1,1,1.0,71.02,hoch,un_comtrade
Japan,event,2025-05,2025-05-01,2025-05-31,26.02,ok,1,1,1.0,95.5,hoch,gdelt_event
Japan,narrative,2025-05,2025-05-01,2025-05-31,24.14,ok,1,1,1.0,87.6,hoch,narrative_input
Japan,governance,2025-05,2025-05-01,2025-05-31,21.88,ok,1,1,1.0,93.0,hoch,governance_input
Japan,market_food,2025-05,2025-05-01,2025-05-31,40.51,ok,2,2,1.0,97.57,hoch,"fao_ffpi,fao_fpma"
Japan,shock,2025-05,2025-05-01,2025-05-31,43.38,ok,1,1,1.0,93.0,hoch,gdacs
Japan,displacement,2025-05,2025-05-01,2025-05-31,21.21,ok,1,1,1.0,93.25,hoch,unhcr
Japan,structural,2025-05,2025-05-01,2025-05-31,0.0,ok,1,1,1.0,71.02,hoch,un_comtrade
Nigeria,event,2025-05,2025-05-01,2025-05-31,68.38,ok,1,1,1.0,95.5,hoch,gdelt_event
Nigeria,narrative,2025-05,2025-05-01,2025-05-31,61.27,ok,1,1,1.0,91.3,hoch,narrative_input
Nigeria,governance,2025-05,2025-05-01,2025-05-31,58.63,ok,1,1,1.0,93.0,hoch,governance_input
Nigeria,market_food,2025-05,2025-05-01,2025-05-31,32.43,ok,2,2,1.0,97.41,hoch,"fao_ffpi,fao_fpma"
Nigeria,shock,2025-05,2025-05-01,2025-05-31,36.46,ok,1,1,1.0,93.0,hoch,gdacs
Nigeria,displacement,2025-05,2025-05-01,2025-05-31,62.76,ok,1,1,1.0,93.25,hoch,unhcr
Nigeria,structural,2025-05,2025-05-01,2025-05-31,84.83,ok,1,1,1.0,71.02,hoch,un_comtrade
Poland,event,2025-05,2025-05-01,2025-05-31,42.9,ok,1,1,1.0,95.5,hoch,gdelt_event
Poland,narrative,2025-05,2025-05-01,2025-05-31,33.9,ok,1,1,1.0,89.03,hoch,narrative_input
Poland,governance,2025-05,2025-05-01,2025-05-31,35.25,ok,1,1,1.0,93.0,hoch,governance_input
Poland,market_food,2025-05,2025-05-01,2025-05-31,25.31,ok,2,2,1.0,97.08,hoch,"fao_ffpi,fao_fpma"
Poland,shock,2025-05,2025-05-01,2025-05-31,31.13,ok,1,1,1.0,93.0,hoch,gdacs
Poland,displacement,2025-05,2025-05-01,2025-05-31,37.08,ok,1,1,1.0,93.25,hoch,unhcr
Poland,structural,2025-05,2025-05-01,2025-05-31,31.7,ok,1,1,1.0,71.02,hoch,un_comtrade
Russia,event,2025-05,2025-05-01,2025-05-31,66.33,ok,1,1,1.0,95.5,hoch,gdelt_event
Russia,narrative,2025-05,2025-05-01,2025-05-31,59.71,ok,1,1,1.0,91.08,hoch,narrative_input
Russia,governance,2025-05,2025-05-01,2025-05-31,56.05,ok,1,1,1.0,93.0,hoch,governance_input
Russia,market_food,2025-05,2025-05-01,2025-05-31,31.79,ok,2,2,1.0,97.51,hoch,"fao_ffpi,fao_fpma"
Russia,shock,2025-05,2025-05-01,2025-05-31,35.54,ok,1,1,1.0,93.0,hoch,gdacs
Russia,displacement,2025-05,2025-05-01,2025-05-31,59.97,ok,1,1,1.0,93.25,hoch,unhcr
Russia,structural,2025-05,2025-05-01,2025-05-31,79.69,ok,1,1,1.0,71.02,hoch,un_comtrade
Taiwan,event,2025-05,2025-05-01,2025-05-31,54.09,ok,1,1,1.0,95.5,hoch,gdelt_event
Taiwan,narrative,2025-05,2025-05-01,2025-05-31,36.65,ok,1,1,1.0,90.0,hoch,narrative_input
Taiwan,governance,2025-05,2025-05-01,2025-05-31,44.94,ok,1,1,1.0,93.0,hoch,governance_input
Taiwan,market_food,2025-05,2025-05-01,2025-05-31,19.63,ok,2,2,1.0,96.53,hoch,"fao_ffpi,fao_fpma"
Taiwan,shock,2025-05,2025-05-01,2025-05-31,26.66,ok,1,1,1.0,93.0,hoch,gdacs
Taiwan,displacement,2025-05,2025-05-01,2025-05-31,48.05,ok,1,1,1.0,93.25,hoch,unhcr
Taiwan,structural,2025-05,2025-05-01,2025-05-31,54.84,ok,1,1,1.0,71.02,hoch,un_comtrade
Ukraine,event,2025-05,2025-05-01,2025-05-31,71.28,ok,1,1,1.0,95.5,hoch,gdelt_event
Ukraine,narrative,2025-05,2025-05-01,2025-05-31,62.54,ok,1,1,1.0,91.5,hoch,narrative_input
Ukraine,governance,2025-05,2025-05-01,2025-05-31,60.81,ok,1,1,1.0,93.0,hoch,governance_input
Ukraine,market_food,2025-05,2025-05-01,2025-05-31,30.51,ok,2,2,1.0,97.72,hoch,"fao_ffpi,fao_fpma"
Ukraine,shock,2025-05,2025-05-01,2025-05-31,33.17,ok,1,1,1.0,93.0,hoch,gdacs
Ukraine,displacement,2025-05,2025-05-01,2025-05-31,64.98,ok,1,1,1.0,93.25,hoch,unhcr
Ukraine,structural,2025-05,2025-05-01,2025-05-31,90.26,ok,1,1,1.0,71.02,hoch,un_comtrade
China,event,2025-06,2025-06-01,2025-06-30,44.95,ok,1,1,1.0,95.5,hoch,gdelt_event
China,narrative,2025-06,2025-06-01,2025-06-30,36.58,ok,1,1,1.0,89.97,hoch,narrative_input
China,governance,2025-06,2025-06-01,2025-06-30,44.73,ok,1,1,1.0,93.0,hoch,governance_input
China,market_food,2025-06,2025-06-01,2025-06-30,57.63,ok,2,2,1.0,97.27,hoch,"fao_ffpi,fao_fpma"
China,shock,2025-06,2025-06-01,2025-06-30,47.79,ok,1,1,1.0,93.0,hoch,gdacs
China,displacement,2025-06,2025-06-01,2025-06-30,45.73,ok,1,1,1.0,93.25,hoch,unhcr
China,structural,2025-06,2025-06-01,2025-06-30,45.58,ok,1,1,1.0,67.89,hoch,un_comtrade
Germany,event,2025-06,2025-06-01,2025-06-30,27.92,ok,1,1,1.0,95.5,hoch,gdelt_event
Germany,narrative,2025-06,2025-06-01,2025-06-30,33.6,ok,1,1,1.0,88.92,hoch,narrative_input
Germany,governance,2025-06,2025-06-01,2025-06-30,34.23,ok,1,1,1.0,93.0,hoch,governance_input
Germany,market_food,2025-06,2025-06-01,2025-06-30,80.46,ok,2,2,1.0,96.54,hoch,"fao_ffpi,fao_fpma"
Germany,shock,2025-06,2025-06-01,2025-06-30,69.09,ok,1,1,1.0,93.0,hoch,gdacs
Germany,displacement,2025-06,2025-06-01,2025-06-30,33.65,ok,1,1,1.0,93.25,hoch,unhcr
Germany,structural,2025-06,2025-06-01,2025-06-30,7.07,ok,1,1,1.0,67.89,hoch,un_comtrade
Iran,event,2025-06,2025-06-01,2025-06-30,71.45,ok,1,1,1.0,95.5,hoch,gdelt_event
Iran,narrative,2025-06,2025-06-01,2025-06-30,71.66,ok,1,1,1.0,92.85,hoch,narrative_input
Iran,governance,2025-06,2025-06-01,2025-06-30,75.81,ok,1,1,1.0,93.0,hoch,governance_input
Iran,market_food,2025-06,2025-06-01,2025-06-30,81.78,ok,2,2,1.0,95.27,hoch,"fao_ffpi,fao_fpma"
Iran,shock,2025-06,2025-06-01,2025-06-30,66.99,ok,1,1,1.0,93.0,hoch,gdacs
Iran,displacement,2025-06,2025-06-01,2025-06-30,76.08,ok,1,1,1.0,93.25,hoch,unhcr
Iran,structural,2025-06,2025-06-01,2025-06-30,99.08,ok,1,1,1.0,67.89,hoch,un_comtrade
Israel,event,2025-06,2025-06-01,2025-06-30,54.6,ok,1,1,1.0,95.5,hoch,gdelt_event
Israel,narrative,2025-06,2025-06-01,2025-06-30,63.79,ok,1,1,1.0,91.7,hoch,narrative_input
Israel,governance,2025-06,2025-06-01,2025-06-30,62.81,ok,1,1,1.0,93.0,hoch,governance_input
Israel,market_food,2025-06,2025-06-01,2025-06-30,70.07,ok,2,2,1.0,97.81,hoch,"fao_ffpi,fao_fpma"
Israel,shock,2025-06,2025-06-01,2025-06-30,66.49,ok,1,1,1.0,93.0,hoch,gdacs
Israel,displacement,2025-06,2025-06-01,2025-06-30,64.04,ok,1,1,1.0,93.25,hoch,unhcr
Israel,structural,2025-06,2025-06-01,2025-06-30,64.83,ok,1,1,1.0,67.89,hoch,un_comtrade
Japan,event,2025-06,2025-06-01,2025-06-30,21.32,ok,1,1,1.0,95.5,hoch,gdelt_event
Japan,narrative,2025-06,2025-06-01,2025-06-30,24.46,ok,1,1,1.0,87.92,hoch,narrative_input
Japan,governance,2025-06,2025-06-01,2025-06-30,24.85,ok,1,1,1.0,93.0,hoch,governance_input
Japan,market_food,2025-06,2025-06-01,2025-06-30,77.7,ok,2,2,1.0,96.09,hoch,"fao_ffpi,fao_fpma"
Japan,shock,2025-06,2025-06-01,2025-06-30,67.14,ok,1,1,1.0,93.0,hoch,gdacs
Japan,displacement,2025-06,2025-06-01,2025-06-30,24.35,ok,1,1,1.0,93.25,hoch,unhcr
Japan,structural,2025-06,2025-06-01,2025-06-30,0.0,ok,1,1,1.0,67.89,hoch,un_comtrade
Nigeria,event,2025-06,2025-06-01,2025-06-30,64.0,ok,1,1,1.0,95.5,hoch,gdelt_event
Nigeria,narrative,2025-06,2025-06-01,2025-06-30,65.78,ok,1,1,1.0,92.0,hoch,narrative_input
Nigeria,governance,2025-06,2025-06-01,2025-06-30,66.13,ok,1,1,1.0,93.0,hoch,governance_input
Nigeria,market_food,2025-06,2025-06-01,2025-06-30,53.52,ok,2,2,1.0,98.08,hoch,"fao_ffpi,fao_fpma"
Nigeria,shock,2025-06,2025-06-01,2025-06-30,51.97,ok,1,1,1.0,93.0,hoch,gdacs
Nigeria,displacement,2025-06,2025-06-01,2025-06-30,66.97,ok,1,1,1.0,93.25,hoch,unhcr
Nigeria,structural,2025-06,2025-06-01,2025-06-30,84.08,ok,1,1,1.0,67.89,hoch,un_comtrade
Poland,event,2025-06,2025-06-01,2025-06-30,38.12,ok,1,1,1.0,95.5,hoch,gdelt_event
Poland,narrative,2025-06,2025-06-01,2025-06-30,34.8,ok,1,1,1.0,89.35,hoch,narrative_input
Poland,governance,2025-06,2025-06-01,2025-06-30,38.49,ok,1,1,1.0,93.0,hoch,governance_input
Poland,market_food,2025-06,2025-06-01,2025-06-30,54.3,ok,2,2,1.0,98.21,hoch,"fao_ffpi,fao_fpma"
Poland,shock,2025-06,2025-06-01,2025-06-30,54.06,ok,1,1,1.0,93.0,hoch,gdacs
Poland,displacement,2025-06,2025-06-01,2025-06-30,39.2,ok,1,1,1.0,93.25,hoch,unhcr
Poland,structural,2025-06,2025-06-01,2025-06-30,31.42,ok,1,1,1.0,67.89,hoch,un_comtrade
Russia,event,2025-06,2025-06-01,2025-06-30,61.25,ok,1,1,1.0,95.5,hoch,gdelt_event
Russia,narrative,2025-06,2025-06-01,2025-06-30,63.26,ok,1,1,1.0,91.62,hoch,narrative_input
Russia,governance,2025-06,2025-06-01,2025-06-30,61.95,ok,1,1,1.0,93.0,hoch,governance_input
Russia,market_food,2025-06,2025-06-01,2025-06-30,57.19,ok,2,2,1.0,97.2,hoch,"fao_ffpi,fao_fpma"
Russia,shock,2025-06,2025-06-01,2025-06-30,51.28,ok,1,1,1.0,93.0,hoch,gdacs
Russia,displacement,2025-06,2025-06-01,2025-06-30,62.93,ok,1,1,1.0,93.25,hoch,unhcr
Russia,structural,2025-06,2025-06-01,2025-06-30,78.98,ok,1,1,1.0,67.89,hoch,un_comtrade
Taiwan,event,2025-06,2025-06-01,2025-06-30,49.48,ok,1,1,1.0,95.5,hoch,gdelt_event
Taiwan,narrative,2025-06,2025-06-01,2025-06-30,55.28,ok,1,1,1.0,90.35,hoch,narrative_input
Taiwan,governance,2025-06,2025-06-01,2025-06-30,48.47,ok,1,1,1.0,93.0,hoch,governance_input
Taiwan,market_food,2025-06,2025-06-01,2025-06-30,47.52,ok,2,2,1.0,97.91,hoch,"fao_ffpi,fao_fpma"
Taiwan,shock,2025-06,2025-06-01,2025-06-30,56.94,ok,1,1,1.0,93.0,hoch,gdacs
Taiwan,displacement,2025-06,2025-06-01,2025-06-30,49.51,ok,1,1,1.0,93.25,hoch,unhcr
Taiwan,structural,2025-06,2025-06-01,2025-06-30,54.36,ok,1,1,1.0,67.89,hoch,un_comtrade
Ukraine,event,2025-06,2025-06-01,2025-06-30,66.47,ok,1,1,1.0,95.5,hoch,gdelt_event
Ukraine,narrative,2025-06,2025-06-01,2025-06-30,65.83,ok,1,1,1.0,92.0,hoch,narrative_input
Ukraine,governance,2025-06,2025-06-01,2025-06-30,66.31,ok,1,1,1.0,93.0,hoch,governance_input
Ukraine,market_food,2025-06,2025-06-01,2025-06-30,51.07,ok,2,2,1.0,97.68,hoch,"fao_ffpi,fao_fpma"
Ukraine,shock,2025-06,2025-06-01,2025-06-30,47.47,ok,1,1,1.0,93.0,hoch,gdacs
Ukraine,displacement,2025-06,2025-06-01,2025-06-30,67.02,ok,1,1,1.0,93.25,hoch,unhcr
Ukraine,structural,2025-06,2025-06-01,2025-06-30,89.46,ok,1,1,1.0,67.89,hoch,un_comtrade
China,event,2025-07,2025-07-01,2025-07-31,45.96,ok,1,1,1.0,95.5,hoch,gdelt_event
China,narrative,2025-07,2025-07-01,2025-07-31,54.43,ok,1,1,1.0,90.2,hoch,narrative_input
China,governance,2025-07,2025-07-01,2025-07-31,47.09,ok,1,1,1.0,93.0,hoch,governance_input
China,market_food,2025-07,2025-07-01,2025-07-31,68.64,ok,2,2,1.0,97.58,hoch,"fao_ffpi,fao_fpma"
China,shock,2025-07,2025-07-01,2025-07-31,54.11,ok,1,1,1.0,93.0,hoch,gdacs
China,displacement,2025-07,2025-07-01,2025-07-31,47.2,ok,1,1,1.0,93.25,hoch,unhcr
China,structural,2025-07,2025-07-01,2025-07-31,45.15,ok,1,1,1.0,64.67,mittel,un_comtrade
Germany,event,2025-07,2025-07-01,2025-07-31,33.67,ok,1,1,1.0,95.5,hoch,gdelt_event
Germany,narrative,2025-07,2025-07-01,2025-07-31,32.55,ok,1,1,1.0,88.53,hoch,narrative_input
Germany,governance,2025-07,2025-07-01,2025-07-31,30.4,ok,1,1,1.0,93.0,hoch,governance_input
Germany,market_food,2025-07,2025-07-01,2025-07-31,65.13,ok,2,2,1.0,97.01,hoch,"fao_ffpi,fao_fpma"
Germany,shock,2025-07,2025-07-01,2025-07-31,61.49,ok,1,1,1.0,93.0,hoch,gdacs
Germany,displacement,2025-07,2025-07-01,2025-07-31,28.96,ok,1,1,1.0,93.25,hoch,unhcr
Germany,structural,2025-07,2025-07-01,2025-07-31,7.01,ok,1,1,1.0,64.67,mittel,un_comtrade
Iran,event,2025-07,2025-07-01,2025-07-31,74.34,ok,1,1,1.0,95.5,hoch,gdelt_event
Iran,narrative,2025-07,2025-07-01,2025-07-31,71.66,ok,1,1,1.0,92.85,hoch,narrative_input
Iran,governance,2025-07,2025-07-01,2025-07-31,75.81,ok,1,1,1.0,93.0,hoch,governance_input
Iran,market_food,2025-07,2025-07-01,2025-07-31,81.78,ok,2,2,1.0,95.27,hoch,"fao_ffpi,fao_fpma"
Iran,shock,2025-07,2025-07-01,2025-07-31,66.99,ok,1,1,1.0,93.0,hoch,gdacs
Iran,displacement,2025-07,2025-07-01,2025-07-31,73.22,ok,1,1,1.0,93.25,hoch,unhcr
Iran,structural,2025-07,2025-07-01,2025-07-31,98.16,ok,1,1,1.0,64.67,mittel,un_comtrade
Israel,event,2025-07,2025-07-01,2025-07-31,60.06,ok,1,1,1.0,95.5,hoch,gdelt_event
Israel,narrative,2025-07,2025-07-01,2025-07-31,65.09,ok,1,1,1.0,91.9,hoch,narrative_input
Israel,governance,2025-07,2025-07-01,2025-07-31,65.06,ok,1,1,1.0,93.0,hoch,governance_input
Israel,market_food,2025-07,2025-07-01,2025-07-31,76.73,ok,2,2,1.0,97.42,hoch,"fao_ffpi,fao_fpma"
Israel,shock,2025-07,2025-07-01,2025-07-31,69.95,ok,1,1,1.0,93.0,hoch,gdacs
Israel,displacement,2025-07,2025-07-01,2025-07-31,62.83,ok,1,1,1.0,93.25,hoch,unhcr
Israel,structural,2025-07,2025-07-01,2025-07-31,64.23,ok,1,1,1.0,64.67,mittel,un_comtrade
Japan,event,2025-07,2025-07-01,2025-07-31,21.92,ok,1,1,1.0,95.5,hoch,gdelt_event
Japan,narrative,2025-07,2025-07-01,2025-07-31,24.51,ok,1,1,1.0,87.97,hoch,narrative_input
Japan,governance,2025-07,2025-07-01,2025-07-31,25.28,ok,1,1,1.0,93.0,hoch,governance_input
Japan,market_food,2025-07,2025-07-01,2025-07-31,83.6,ok,2,2,1.0,95.57,hoch,"fao_ffpi,fao_fpma"
Japan,shock,2025-07,2025-07-01,2025-07-31,70.47,ok,1,1,1.0,93.0,hoch,gdacs
Japan,displacement,2025-07,2025-07-01,2025-07-31,23.73,ok,1,1,1.0,93.25,hoch,unhcr
Japan,structural,2025-07,2025-07-01,2025-07-31,0.0,ok,1,1,1.0,64.67,mittel,un_comtrade
Nigeria,event,2025-07,2025-07-01,2025-07-31,66.19,ok,1,1,1.0,95.5,hoch,gdelt_event
Nigeria,narrative,2025-07,2025-07-01,2025-07-31,71.66,ok,1,1,1.0,92.85,hoch,narrative_input
Nigeria,governance,2025-07,2025-07-01,2025-07-31,75.81,ok,1,1,1.0,93.0,hoch,governance_input
Nigeria,market_food,2025-07,2025-07-01,2025-07-31,85.05,ok,2,2,1.0,95.8,hoch,"fao_ffpi,fao_fpma"
Nigeria,shock,2025-07,2025-07-01,2025-07-31,73.18,ok,1,1,1.0,93.0,hoch,gdacs
Nigeria,displacement,2025-07,2025-07-01,2025-07-31,74.78,ok,1,1,1.0,93.25,hoch,unhcr
Nigeria,structural,2025-07,2025-07-01,2025-07-31,83.3,ok,1,1,1.0,64.67,mittel,un_comtrade
Poland,event,2025-07,2025-07-01,2025-07-31,38.98,ok,1,1,1.0,95.5,hoch,gdelt_event
Poland,narrative,2025-07,2025-07-01,2025-07-31,35.09,ok,1,1,1.0,89.45,hoch,narrative_input
Poland,governance,2025-07,2025-07-01,2025-07-31,39.51,ok,1,1,1.0,93.0,hoch,governance_input
Poland,market_food,2025-07,2025-07-01,2025-07-31,66.54,ok,2,2,1.0,97.24,hoch,"fao_ffpi,fao_fpma"
Poland,shock,2025-07,2025-07-01,2025-07-31,61.15,ok,1,1,1.0,93.0,hoch,gdacs
Poland,displacement,2025-07,2025-07-01,2025-07-31,39.28,ok,1,1,1.0,93.25,hoch,unhcr
Poland,structural,2025-07,2025-07-01,2025-07-31,31.13,ok,1,1,1.0,64.67,mittel,un_comtrade
Russia,event,2025-07,2025-07-01,2025-07-31,62.83,ok,1,1,1.0,95.5,hoch,gdelt_event
Russia,narrative,2025-07,2025-07-01,2025-07-31,68.36,ok,1,1,1.0,92.38,hoch,narrative_input
Russia,governance,2025-07,2025-07-01,2025-07-31,70.4,ok,1,1,1.0,93.0,hoch,governance_input
Russia,market_food,2025-07,2025-07-01,2025-07-31,86.06,ok,2,2,1.0,95.97,hoch,"fao_ffpi,fao_fpma"
Russia,shock,2025-07,2025-07-01,2025-07-31,74.98,ok,1,1,1.0,93.0,hoch,gdacs
Russia,displacement,2025-07,2025-07-01,2025-07-31,70.02,ok,1,1,1.0,93.25,hoch,unhcr
Russia,structural,2025-07,2025-07-01,2025-07-31,78.25,ok,1,1,1.0,64.67,mittel,un_comtrade
Taiwan,event,2025-07,2025-07-01,2025-07-31,50.22,ok,1,1,1.0,95.5,hoch,gdelt_event
Taiwan,narrative,2025-07,2025-07-01,2025-07-31,56.48,ok,1,1,1.0,90.55,hoch,narrative_input
Taiwan,governance,2025-07,2025-07-01,2025-07-31,50.54,ok,1,1,1.0,93.0,hoch,governance_input
Taiwan,market_food,2025-07,2025-07-01,2025-07-31,66.55,ok,2,2,1.0,97.24,hoch,"fao_ffpi,fao_fpma"
Taiwan,shock,2025-07,2025-07-01,2025-07-31,61.91,ok,1,1,1.0,93.0,hoch,gdacs
Taiwan,displacement,2025-07,2025-07-01,2025-07-31,50.63,ok,1,1,1.0,93.25,hoch,unhcr
Taiwan,structural,2025-07,2025-07-01,2025-07-31,53.85,ok,1,1,1.0,64.67,mittel,un_comtrade
Ukraine,event,2025-07,2025-07-01,2025-07-31,67.74,ok,1,1,1.0,95.5,hoch,gdelt_event
Ukraine,narrative,2025-07,2025-07-01,2025-07-31,71.5,ok,1,1,1.0,92.83,hoch,narrative_input
Ukraine,governance,2025-07,2025-07-01,2025-07-31,75.54,ok,1,1,1.0,93.0,hoch,governance_input
Ukraine,market_food,2025-07,2025-07-01,2025-07-31,76.63,ok,2,2,1.0,97.4,hoch,"fao_ffpi,fao_fpma"
Ukraine,shock,2025-07,2025-07-01,2025-07-31,72.76,ok,1,1,1.0,93.0,hoch,gdacs
Ukraine,displacement,2025-07,2025-07-01,2025-07-31,74.85,ok,1,1,1.0,93.25,hoch,unhcr
Ukraine,structural,2025-07,2025-07-01,2025-07-31,88.63,ok,1,1,1.0,64.67,mittel,un_comtrade
China,event,2025-08,2025-08-01,2025-08-31,51.22,ok,1,1,1.0,95.5,hoch,gdelt_event
China,narrative,2025-08,2025-08-01,2025-08-31,55.14,ok,1,1,1.0,90.33,hoch,narrative_input
China,governance,2025-08,2025-08-01,2025-08-31,48.29,ok,1,1,1.0,93.0,hoch,governance_input
China,market_food,2025-08,2025-08-01,2025-08-31,80.28,ok,2,2,1.0,96.51,hoch,"fao_ffpi,fao_fpma"
China,shock,2025-08,2025-08-01,2025-08-31,57.42,ok,1,1,1.0,93.0,hoch,gdacs
China,displacement,2025-08,2025-08-01,2025-08-31,47.75,ok,1,1,1.0,93.25,hoch,unhcr
China,structural,2025-08,2025-08-01,2025-08-31,44.73,ok,1,1,1.0,61.75,mittel,un_comtrade
Germany,event,2025-08,2025-08-01,2025-08-31,35.27,ok,1,1,1.0,95.5,hoch,gdelt_event
Germany,narrative,2025-08,2025-08-01,2025-08-31,24.54,ok,1,1,1.0,88.0,hoch,narrative_input
Germany,governance,2025-08,2025-08-01,2025-08-31,25.55,ok,1,1,1.0,93.0,hoch,governance_input
Germany,market_food,2025-08,2025-08-01,2025-08-31,39.31,ok,2,2,1.0,97.77,hoch,"fao_ffpi,fao_fpma"
Germany,shock,2025-08,2025-08-01,2025-08-31,32.91,ok,1,1,1.0,93.0,hoch,gdacs
Germany,displacement,2025-08,2025-08-01,2025-08-31,24.63,ok,1,1,1.0,93.25,hoch,unhcr
Germany,structural,2025-08,2025-08-01,2025-08-31,6.94,ok,1,1,1.0,61.75,mittel,un_comtrade
Iran,event,2025-08,2025-08-01,2025-08-31,82.63,ok,1,1,1.0,95.5,hoch,gdelt_event
Iran,narrative,2025-08,2025-08-01,2025-08-31,71.66,ok,1,1,1.0,92.85,hoch,narrative_input
Iran,governance,2025-08,2025-08-01,2025-08-31,75.81,ok,1,1,1.0,93.0,hoch,governance_input
Iran,market_food,2025-08,2025-08-01,2025-08-31,81.78,ok,2,2,1.0,95.27,hoch,"fao_ffpi,fao_fpma"
Iran,shock,2025-08,2025-08-01,2025-08-31,66.99,ok,1,1,1.0,93.0,hoch,gdacs
Iran,displacement,2025-08,2025-08-01,2025-08-31,73.22,ok,1,1,1.0,93.25,hoch,unhcr
Iran,structural,2025-08,2025-08-01,2025-08-31,97.24,ok,1,1,1.0,61.75,mittel,un_comtrade
Israel,event,2025-08,2025-08-01,2025-08-31,71.59,ok,1,1,1.0,95.5,hoch,gdelt_event
Israel,narrative,2025-08,2025-08-01,2025-08-31,58.47,ok,1,1,1.0,90.88,hoch,narrative_input
Israel,governance,2025-08,2025-08-01,2025-08-31,53.92,ok,1,1,1.0,93.0,hoch,governance_input
Israel,market_food,2025-08,2025-08-01,2025-08-31,55.23,ok,2,2,1.0,96.87,hoch,"fao_ffpi,fao_fpma"
Israel,shock,2025-08,2025-08-01,2025-08-31,52.92,ok,1,1,1.0,93.0,hoch,gdacs
Israel,displacement,2025-08,2025-08-01,2025-08-31,53.58,ok,1,1,1.0,93.25,hoch,unhcr
Israel,structural,2025-08,2025-08-01,2025-08-31,63.63,ok,1,1,1.0,61.75,mittel,un_comtrade
Japan,event,2025-08,2025-08-01,2025-08-31,26.35,ok,1,1,1.0,95.5,hoch,gdelt_event
Japan,narrative,2025-08,2025-08-01,2025-08-31,24.4,ok,1,1,1.0,87.85,hoch,narrative_input
Japan,governance,2025-08,2025-08-01,2025-08-31,24.24,ok,1,1,1.0,93.0,hoch,governance_input
Japan,market_food,2025-08,2025-08-01,2025-08-31,62.72,ok,2,2,1.0,98.1,hoch,"fao_ffpi,fao_fpma"
Japan,shock,2025-08,2025-08-01,2025-08-31,62.29,ok,1,1,1.0,93.0,hoch,gdacs
Japan,displacement,2025-08,2025-08-01,2025-08-31,22.72,ok,1,1,1.0,93.25,hoch,unhcr
Japan,structural,2025-08,2025-08-01,2025-08-31,0.0,ok,1,1,1.0,61.75,mittel,un_comtrade
Nigeria,event,2025-08,2025-08-01,2025-08-31,78.33,ok,1,1,1.0,95.5,hoch,gdelt_event
Nigeria,narrative,2025-08,2025-08-01,2025-08-31,69.72,ok,1,1,1.0,92.58,hoch,narrative_input
Nigeria,governance,2025-08,2025-08-01,2025-08-31,72.58,ok,1,1,1.0,93.0,hoch,governance_input
Nigeria,market_food,2025-08,2025-08-01,2025-08-31,69.13,ok,2,2,1.0,97.66,hoch,"fao_ffpi,fao_fpma"
Nigeria,shock,2025-08,2025-08-01,2025-08-31,66.01,ok,1,1,1.0,93.0,hoch,gdacs
Nigeria,displacement,2025-08,2025-08-01,2025-08-31,69.4,ok,1,1,1.0,93.25,hoch,unhcr
Nigeria,structural,2025-08,2025-08-01,2025-08-31,82.52,ok,1,1,1.0,61.75,mittel,un_comtrade
Poland,event,2025-08,2025-08-01,2025-08-31,43.47,ok,1,1,1.0,95.5,hoch,gdelt_event
Poland,narrative,2025-08,2025-08-01,2025-08-31,35.22,ok,1,1,1.0,89.5,hoch,narrative_input
Poland,governance,2025-08,2025-08-01,2025-08-31,39.99,ok,1,1,1.0,93.0,hoch,governance_input
Poland,market_food,2025-08,2025-08-01,2025-08-31,72.44,ok,2,2,1.0,96.71,hoch,"fao_ffpi,fao_fpma"
Poland,shock,2025-08,2025-08-01,2025-08-31,64.58,ok,1,1,1.0,93.0,hoch,gdacs
Poland,displacement,2025-08,2025-08-01,2025-08-31,39.52,ok,1,1,1.0,93.25,hoch,unhcr
Poland,structural,2025-08,2025-08-01,2025-08-31,30.84,ok,1,1,1.0,61.75,mittel,un_comtrade
Russia,event,2025-08,2025-08-01,2025-08-31,72.77,ok,1,1,1.0,95.5,hoch,gdelt_event
Russia,narrative,2025-08,2025-08-01,2025-08-31,68.03,ok,1,1,1.0,92.33,hoch,narrative_input
Russia,governance,2025-08,2025-08-01,2025-08-31,69.94,ok,1,1,1.0,93.0,hoch,governance_input
Russia,market_food,2025-08,2025-08-01,2025-08-31,81.2,ok,2,2,1.0,96.66,hoch,"fao_ffpi,fao_fpma"
Russia,shock,2025-08,2025-08-01,2025-08-31,73.74,ok,1,1,1.0,93.0,hoch,gdacs
Russia,displacement,2025-08,2025-08-01,2025-08-31,67.03,ok,1,1,1.0,93.25,hoch,unhcr
Russia,structural,2025-08,2025-08-01,2025-08-31,77.51,ok,1,1,1.0,61.75,mittel,un_comtrade
Taiwan,event,2025-08,2025-08-01,2025-08-31,55.14,ok,1,1,1.0,95.5,hoch,gdelt_event
Taiwan,narrative,2025-08,2025-08-01,2025-08-31,57.79,ok,1,1,1.0,90.75,hoch,narrative_input
Taiwan,governance,2025-08,2025-08-01,2025-08-31,52.79,ok,1,1,1.0,93.0,hoch,governance_input
Taiwan,market_food,2025-08,2025-08-01,2025-08-31,85.98,ok,2,2,1.0,95.96,hoch,"fao_ffpi,fao_fpma"
Taiwan,shock,2025-08,2025-08-01,2025-08-31,67.53,ok,1,1,1.0,93.0,hoch,gdacs
Taiwan,displacement,2025-08,2025-08-01,2025-08-31,52.5,ok,1,1,1.0,93.25,hoch,unhcr
Taiwan,structural,2025-08,2025-08-01,2025-08-31,53.35,ok,1,1,1.0,61.75,mittel,un_comtrade
Ukraine,event,2025-08,2025-08-01,2025-08-31,77.79,ok,1,1,1.0,95.5,hoch,gdelt_event
Ukraine,narrative,2025-08,2025-08-01,2025-08-31,71.66,ok,1,1,1.0,92.85,hoch,narrative_input
Ukraine,governance,2025-08,2025-08-01,2025-08-31,75.81,ok,1,1,1.0,93.0,hoch,governance_input
Ukraine,market_food,2025-08,2025-08-01,2025-08-31,85.2,ok,2,2,1.0,95.83,hoch,"fao_ffpi,fao_fpma"
Ukraine,shock,2025-08,2025-08-01,2025-08-31,73.52,ok,1,1,1.0,93.0,hoch,gdacs
Ukraine,displacement,2025-08,2025-08-01,2025-08-31,72.37,ok,1,1,1.0,93.25,hoch,unhcr
Ukraine,structural,2025-08,2025-08-01,2025-08-31,87.8,ok,1,1,1.0,61.75,mittel,un_comtrade
China,event,2025-09,2025-09-01,2025-09-30,52.04,ok,1,1,1.0,95.5,hoch,gdelt_event
China,narrative,2025-09,2025-09-01,2025-09-30,36.28,ok,1,1,1.0,89.88,hoch,narrative_input
China,governance,2025-09,2025-09-01,2025-09-30,43.67,ok,1,1,1.0,93.0,hoch,governance_input
China,market_food,2025-09,2025-09-01,2025-09-30,42.25,ok,2,2,1.0,97.29,hoch,"fao_ffpi,fao_fpma"
China,shock,2025-09,2025-09-01,2025-09-30,45.13,ok,1,1,1.0,93.0,hoch,gdacs
China,displacement,2025-09,2025-09-01,2025-09-30,43.63,ok,1,1,1.0,93.25,hoch,unhcr
China,structural,2025-09,2025-09-01,2025-09-30,44.32,ok,1,1,1.0,61.75,mittel,un_comtrade
Germany,event,2025-09,2025-09-01,2025-09-30,26.39,ok,1,1,1.0,95.5,hoch,gdelt_event
Germany,narrative,2025-09,2025-09-01,2025-09-30,24.19,ok,1,1,1.0,87.65,hoch,narrative_input
Germany,governance,2025-09,2025-09-01,2025-09-30,22.38,ok,1,1,1.0,93.0,hoch,governance_input
Germany,market_food,2025-09,2025-09-01,2025-09-30,25.03,ok,2,2,1.0,97.13,hoch,"fao_ffpi,fao_fpma"
Germany,shock,2025-09,2025-09-01,2025-09-30,30.51,ok,1,1,1.0,93.0,hoch,gdacs
Germany,displacement,2025-09,2025-09-01,2025-09-30,21.77,ok,1,1,1.0,93.25,hoch,unhcr
Germany,structural,2025-09,2025-09-01,2025-09-30,6.88,ok,1,1,1.0,61.75,mittel,un_comtrade
Iran,event,2025-09,2025-09-01,2025-09-30,82.59,ok,1,1,1.0,95.5,hoch,gdelt_event
Iran,narrative,2025-09,2025-09-01,2025-09-30,65.25,ok,1,1,1.0,91.92,hoch,narrative_input
Iran,governance,2025-09,2025-09-01,2025-09-30,65.26,ok,1,1,1.0,93.0,hoch,governance_input
Iran,market_food,2025-09,2025-09-01,2025-09-30,26.55,ok,2,2,1.0,96.88,hoch,"fao_ffpi,fao_fpma"
Iran,shock,2025-09,2025-09-01,2025-09-30,33.51,ok,1,1,1.0,93.0,hoch,gdacs
Iran,displacement,2025-09,2025-09-01,2025-09-30,65.43,ok,1,1,1.0,93.25,hoch,unhcr
Iran,structural,2025-09,2025-09-01,2025-09-30,96.36,ok,1,1,1.0,61.75,mittel,un_comtrade
Israel,event,2025-09,2025-09-01,2025-09-30,61.09,ok,1,1,1.0,95.5,hoch,gdelt_event
Israel,narrative,2025-09,2025-09-01,2025-09-30,54.24,ok,1,1,1.0,90.17,hoch,narrative_input
Israel,governance,2025-09,2025-09-01,2025-09-30,46.7,ok,1,1,1.0,93.0,hoch,governance_input
Israel,market_food,2025-09,2025-09-01,2025-09-30,29.93,ok,2,2,1.0,97.81,hoch,"fao_ffpi,fao_fpma"
Israel,shock,2025-09,2025-09-01,2025-09-30,29.06,ok,1,1,1.0,93.0,hoch,gdacs
Israel,displacement,2025-09,2025-09-01,2025-09-30,47.86,ok,1,1,1.0,93.25,hoch,unhcr
Israel,structural,2025-09,2025-09-01,2025-09-30,63.05,ok,1,1,1.0,61.75,mittel,un_comtrade
Japan,event,2025-09,2025-09-01,2025-09-30,23.74,ok,1,1,1.0,95.5,hoch,gdelt_event
Japan,narrative,2025-09,2025-09-01,2025-09-30,24.26,ok,1,1,1.0,87.72,hoch,narrative_input
Japan,governance,2025-09,2025-09-01,2025-09-30,23.02,ok,1,1,1.0,93.0,hoch,governance_input
Japan,market_food,2025-09,2025-09-01,2025-09-30,53.66,ok,2,2,1.0,98.1,hoch,"fao_ffpi,fao_fpma"
Japan,shock,2025-09,2025-09-01,2025-09-30,52.32,ok,1,1,1.0,93.0,hoch,gdacs
Japan,displacement,2025-09,2025-09-01,2025-09-30,21.6,ok,1,1,1.0,93.25,hoch,unhcr
Japan,structural,2025-09,2025-09-01,2025-09-30,0.0,ok,1,1,1.0,61.75,mittel,un_comtrade
Nigeria,event,2025-09,2025-09-01,2025-09-30,78.99,ok,1,1,1.0,95.5,hoch,gdelt_event
Nigeria,narrative,2025-09,2025-09-01,2025-09-30,61.47,ok,1,1,1.0,91.35,hoch,narrative_input
Nigeria,governance,2025-09,2025-09-01,2025-09-30,59.02,ok,1,1,1.0,93.0,hoch,governance_input
Nigeria,market_food,2025-09,2025-09-01,2025-09-30,36.98,ok,2,2,1.0,98.15,hoch,"fao_ffpi,fao_fpma"
Nigeria,shock,2025-09,2025-09-01,2025-09-30,37.19,ok,1,1,1.0,93.0,hoch,gdacs
Nigeria,displacement,2025-09,2025-09-01,2025-09-30,59.26,ok,1,1,1.0,93.25,hoch,unhcr
Nigeria,structural,2025-09,2025-09-01,2025-09-30,81.77,ok,1,1,1.0,61.75,mittel,un_comtrade
Poland,event,2025-09,2025-09-01,2025-09-30,42.98,ok,1,1,1.0,95.5,hoch,gdelt_event
Poland,narrative,2025-09,2025-09-01,2025-09-30,34.8,ok,1,1,1.0,89.35,hoch,narrative_input
Poland,governance,2025-09,2025-09-01,2025-09-30,38.42,ok,1,1,1.0,93.0,hoch,governance_input
Poland,market_food,2025-09,2025-09-01,2025-09-30,50.21,ok,2,2,1.0,97.47,hoch,"fao_ffpi,fao_fpma"
Poland,shock,2025-09,2025-09-01,2025-09-30,53.35,ok,1,1,1.0,93.0,hoch,gdacs
Poland,displacement,2025-09,2025-09-01,2025-09-30,38.05,ok,1,1,1.0,93.25,hoch,unhcr
Poland,structural,2025-09,2025-09-01,2025-09-30,30.55,ok,1,1,1.0,61.75,mittel,un_comtrade
Russia,event,2025-09,2025-09-01,2025-09-30,75.87,ok,1,1,1.0,95.5,hoch,gdelt_event
Russia,narrative,2025-09,2025-09-01,2025-09-30,60.71,ok,1,1,1.0,91.22,hoch,narrative_input
Russia,governance,2025-09,2025-09-01,2025-09-30,57.73,ok,1,1,1.0,93.0,hoch,governance_input
Russia,market_food,2025-09,2025-09-01,2025-09-30,38.57,ok,2,2,1.0,97.89,hoch,"fao_ffpi,fao_fpma"
Russia,shock,2025-09,2025-09-01,2025-09-30,39.95,ok,1,1,1.0,93.0,hoch,gdacs
Russia,displacement,2025-09,2025-09-01,2025-09-30,57.85,ok,1,1,1.0,93.25,hoch,unhcr
Russia,structural,2025-09,2025-09-01,2025-09-30,76.81,ok,1,1,1.0,61.75,mittel,un_comtrade
Taiwan,event,2025-09,2025-09-01,2025-09-30,56.96,ok,1,1,1.0,95.5,hoch,gdelt_event
Taiwan,narrative,2025-09,2025-09-01,2025-09-30,56.05,ok,1,1,1.0,90.47,hoch,narrative_input
Taiwan,governance,2025-09,2025-09-01,2025-09-30,49.76,ok,1,1,1.0,93.0,hoch,governance_input
Taiwan,market_food,2025-09,2025-09-01,2025-09-30,60.08,ok,2,2,1.0,97.67,hoch,"fao_ffpi,fao_fpma"
Taiwan,shock,2025-09,2025-09-01,2025-09-30,60.12,ok,1,1,1.0,93.0,hoch,gdacs
Taiwan,displacement,2025-09,2025-09-01,2025-09-30,49.35,ok,1,1,1.0,93.25,hoch,unhcr
Taiwan,structural,2025-09,2025-09-01,2025-09-30,52.86,ok,1,1,1.0,61.75,mittel,un_comtrade
Ukraine,event,2025-09,2025-09-01,2025-09-30,82.57,ok,1,1,1.0,95.5,hoch,gdelt_event
Ukraine,narrative,2025-09,2025-09-01,2025-09-30,65.78,ok,1,1,1.0,92.0,hoch,narrative_input
Ukraine,governance,2025-09,2025-09-01,2025-09-30,66.16,ok,1,1,1.0,93.0,hoch,governance_input
Ukraine,market_food,2025-09,2025-09-01,2025-09-30,46.59,ok,2,2,1.0,98.06,hoch,"fao_ffpi,fao_fpma"
Ukraine,shock,2025-09,2025-09-01,2025-09-30,47.19,ok,1,1,1.0,93.0,hoch,gdacs
Ukraine,displacement,2025-09,2025-09-01,2025-09-30,65.2,ok,1,1,1.0,93.25,hoch,unhcr
Ukraine,structural,2025-09,2025-09-01,2025-09-30,87.0,ok,1,1,1.0,61.75,mittel,un_comtrade
China,event,2025-10,2025-10-01,2025-10-31,52.12,ok,1,1,1.0,95.5,hoch,gdelt_event
China,narrative,2025-10,2025-10-01,2025-10-31,35.06,ok,1,1,1.0,89.45,hoch,narrative_input
China,governance,2025-10,2025-10-01,2025-10-31,39.34,ok,1,1,1.0,93.0,hoch,governance_input
China,market_food,2025-10,2025-10-01,2025-10-31,13.44,ok,2,2,1.0,96.05,hoch,"fao_ffpi,fao_fpma"
China,shock,2025-10,2025-10-01,2025-10-31,34.17,ok,1,1,1.0,93.0,hoch,gdacs
China,displacement,2025-10,2025-10-01,2025-10-31,40.08,ok,1,1,1.0,93.25,hoch,unhcr
China,structural,2025-10,2025-10-01,2025-10-31,43.9,ok,1,1,1.0,61.75,mittel,un_comtrade
Germany,event,2025-10,2025-10-01,2025-10-31,26.64,ok,1,1,1.0,95.5,hoch,gdelt_event
Germany,narrative,2025-10,2025-10-01,2025-10-31,24.25,ok,1,1,1.0,87.72,hoch,narrative_input
Germany,governance,2025-10,2025-10-01,2025-10-31,22.9,ok,1,1,1.0,93.0,hoch,governance_input
Germany,market_food,2025-10,2025-10-01,2025-10-31,30.17,ok,2,2,1.0,97.77,hoch,"fao_ffpi,fao_fpma"
Germany,shock,2025-10,2025-10-01,2025-10-31,30.96,ok,1,1,1.0,93.0,hoch,gdacs
Germany,displacement,2025-10,2025-10-01,2025-10-31,22.42,ok,1,1,1.0,93.25,hoch,unhcr
Germany,structural,2025-10,2025-10-01,2025-10-31,6.81,ok,1,1,1.0,61.75,mittel,un_comtrade
Iran,event,2025-10,2025-10-01,2025-10-31,76.15,ok,1,1,1.0,95.5,hoch,gdelt_event
Iran,narrative,2025-10,2025-10-01,2025-10-31,63.47,ok,1,1,1.0,91.65,hoch,narrative_input
Iran,governance,2025-10,2025-10-01,2025-10-31,62.31,ok,1,1,1.0,93.0,hoch,governance_input
Iran,market_food,2025-10,2025-10-01,2025-10-31,13.3,ok,2,2,1.0,96.07,hoch,"fao_ffpi,fao_fpma"
Iran,shock,2025-10,2025-10-01,2025-10-31,24.43,ok,1,1,1.0,93.0,hoch,gdacs
Iran,displacement,2025-10,2025-10-01,2025-10-31,63.18,ok,1,1,1.0,93.25,hoch,unhcr
Iran,structural,2025-10,2025-10-01,2025-10-31,95.44,ok,1,1,1.0,61.75,mittel,un_comtrade
Israel,event,2025-10,2025-10-01,2025-10-31,56.2,ok,1,1,1.0,95.5,hoch,gdelt_event
Israel,narrative,2025-10,2025-10-01,2025-10-31,54.15,ok,1,1,1.0,90.15,hoch,narrative_input
Israel,governance,2025-10,2025-10-01,2025-10-31,46.57,ok,1,1,1.0,93.0,hoch,governance_input
Israel,market_food,2025-10,2025-10-01,2025-10-31,25.69,ok,2,2,1.0,97.02,hoch,"fao_ffpi,fao_fpma"
Israel,shock,2025-10,2025-10-01,2025-10-31,28.88,ok,1,1,1.0,93.0,hoch,gdacs
Israel,displacement,2025-10,2025-10-01,2025-10-31,47.69,ok,1,1,1.0,93.25,hoch,unhcr
Israel,structural,2025-10,2025-10-01,2025-10-31,62.44,ok,1,1,1.0,61.75,mittel,un_comtrade
Japan,event,2025-10,2025-10-01,2025-10-31,27.09,ok,1,1,1.0,95.5,hoch,gdelt_event
Japan,narrative,2025-10,2025-10-01,2025-10-31,24.05,ok,1,1,1.0,87.5,hoch,narrative_input
Japan,governance,2025-10,2025-10-01,2025-10-31,21.09,ok,1,1,1.0,93.0,hoch,governance_input
Japan,market_food,2025-10,2025-10-01,2025-10-31,29.17,ok,2,2,1.0,96.45,hoch,"fao_ffpi,fao_fpma"
Japan,shock,2025-10,2025-10-01,2025-10-31,36.99,ok,1,1,1.0,93.0,hoch,gdacs
Japan,displacement,2025-10,2025-10-01,2025-10-31,19.78,ok,1,1,1.0,93.25,hoch,unhcr
Japan,structural,2025-10,2025-10-01,2025-10-31,0.0,ok,1,1,1.0,61.75,mittel,un_comtrade
Nigeria,event,2025-10,2025-10-01,2025-10-31,69.41,ok,1,1,1.0,95.5,hoch,gdelt_event
Nigeria,narrative,2025-10,2025-10-01,2025-10-31,59.26,ok,1,1,1.0,91.0,hoch,narrative_input
Nigeria,governance,2025-10,2025-10-01,2025-10-31,55.19,ok,1,1,1.0,93.0,hoch,governance_input
Nigeria,market_food,2025-10,2025-10-01,2025-10-31,15.92,ok,2,2,1.0,95.65,hoch,"fao_ffpi,fao_fpma"
Nigeria,shock,2025-10,2025-10-01,2025-10-31,29.68,ok,1,1,1.0,93.0,hoch,gdacs
Nigeria,displacement,2025-10,2025-10-01,2025-10-31,56.32,ok,1,1,1.0,93.25,hoch,unhcr
Nigeria,structural,2025-10,2025-10-01,2025-10-31,80.99,ok,1,1,1.0,61.75,mittel,un_comtrade
Poland,event,2025-10,2025-10-01,2025-10-31,45.87,ok,1,1,1.0,95.5,hoch,gdelt_event
Poland,narrative,2025-10,2025-10-01,2025-10-31,33.73,ok,1,1,1.0,88.97,hoch,narrative_input
Poland,governance,2025-10,2025-10-01,2025-10-31,34.7,ok,1,1,1.0,93.0,hoch,governance_input
Poland,market_food,2025-10,2025-10-01,2025-10-31,18.96,ok,2,2,1.0,96.63,hoch,"fao_ffpi,fao_fpma"
Poland,shock,2025-10,2025-10-01,2025-10-31,27.07,ok,1,1,1.0,93.0,hoch,gdacs
Poland,displacement,2025-10,2025-10-01,2025-10-31,34.84,ok,1,1,1.0,93.25,hoch,unhcr
Poland,structural,2025-10,2025-10-01,2025-10-31,30.26,ok,1,1,1.0,61.75,mittel,un_comtrade
Russia,event,2025-10,2025-10-01,2025-10-31,67.8,ok,1,1,1.0,95.5,hoch,gdelt_event
Russia,narrative,2025-10,2025-10-01,2025-10-31,57.93,ok,1,1,1.0,90.78,hoch,narrative_input
Russia,governance,2025-10,2025-10-01,2025-10-31,53.06,ok,1,1,1.0,93.0,hoch,governance_input
Russia,market_food,2025-10,2025-10-01,2025-10-31,14.9,ok,2,2,1.0,95.81,hoch,"fao_ffpi,fao_fpma"
Russia,shock,2025-10,2025-10-01,2025-10-31,27.76,ok,1,1,1.0,93.0,hoch,gdacs
Russia,displacement,2025-10,2025-10-01,2025-10-31,54.14,ok,1,1,1.0,93.25,hoch,unhcr
Russia,structural,2025-10,2025-10-01,2025-10-31,76.07,ok,1,1,1.0,61.75,mittel,un_comtrade
Taiwan,event,2025-10,2025-10-01,2025-10-31,58.58,ok,1,1,1.0,95.5,hoch,gdelt_event
Taiwan,narrative,2025-10,2025-10-01,2025-10-31,36.44,ok,1,1,1.0,89.92,hoch,narrative_input
Taiwan,governance,2025-10,2025-10-01,2025-10-31,44.22,ok,1,1,1.0,93.0,hoch,governance_input
Taiwan,market_food,2025-10,2025-10-01,2025-10-31,13.16,ok,2,2,1.0,96.1,hoch,"fao_ffpi,fao_fpma"
Taiwan,shock,2025-10,2025-10-01,2025-10-31,25.49,ok,1,1,1.0,93.0,hoch,gdacs
Taiwan,displacement,2025-10,2025-10-01,2025-10-31,44.85,ok,1,1,1.0,93.25,hoch,unhcr
Taiwan,structural,2025-10,2025-10-01,2025-10-31,52.36,ok,1,1,1.0,61.75,mittel,un_comtrade
Ukraine,event,2025-10,2025-10-01,2025-10-31,75.89,ok,1,1,1.0,95.5,hoch,gdelt_event
Ukraine,narrative,2025-10,2025-10-01,2025-10-31,61.22,ok,1,1,1.0,91.3,hoch,narrative_input
Ukraine,governance,2025-10,2025-10-01,2025-10-31,58.53,ok,1,1,1.0,93.0,hoch,governance_input
Ukraine,market_food,2025-10,2025-10-01,2025-10-31,14.77,ok,2,2,1.0,95.83,hoch,"fao_ffpi,fao_fpma"
Ukraine,shock,2025-10,2025-10-01,2025-10-31,27.42,ok,1,1,1.0,93.0,hoch,gdacs
Ukraine,displacement,2025-10,2025-10-01,2025-10-31,59.39,ok,1,1,1.0,93.25,hoch,unhcr
Ukraine,structural,2025-10,2025-10-01,2025-10-31,86.17,ok,1,1,1.0,61.75,mittel,un_comtrade
China,event,2025-11,2025-11-01,2025-11-30,50.8,ok,1,1,1.0,95.5,hoch,gdelt_event
China,narrative,2025-11,2025-11-01,2025-11-30,35.6,ok,1,1,1.0,89.62,hoch,narrative_input
China,governance,2025-11,2025-11-01,2025-11-30,41.25,ok,1,1,1.0,93.0,hoch,governance_input
China,market_food,2025-11,2025-11-01,2025-11-30,31.25,ok,2,2,1.0,97.6,hoch,"fao_ffpi,fao_fpma"
China,shock,2025-11,2025-11-01,2025-11-30,38.89,ok,1,1,1.0,93.0,hoch,gdacs
China,displacement,2025-11,2025-11-01,2025-11-30,42.32,ok,1,1,1.0,93.25,hoch,unhcr
China,structural,2025-11,2025-11-01,2025-11-30,43.49,ok,1,1,1.0,61.75,mittel,un_comtrade
Germany,event,2025-11,2025-11-01,2025-11-30,32.43,ok,1,1,1.0,95.5,hoch,gdelt_event
Germany,narrative,2025-11,2025-11-01,2025-11-30,32.19,ok,1,1,1.0,88.38,hoch,narrative_input
Germany,governance,2025-11,2025-11-01,2025-11-30,29.13,ok,1,1,1.0,93.0,hoch,governance_input
Germany,market_food,2025-11,2025-11-01,2025-11-30,54.43,ok,2,2,1.0,98.23,hoch,"fao_ffpi,fao_fpma"
Germany,shock,2025-11,2025-11-01,2025-11-30,59.09,ok,1,1,1.0,93.0,hoch,gdacs
Germany,displacement,2025-11,2025-11-01,2025-11-30,30.17,ok,1,1,1.0,93.25,hoch,unhcr
Germany,structural,2025-11,2025-11-01,2025-11-30,6.75,ok,1,1,1.0,61.75,mittel,un_comtrade
Iran,event,2025-11,2025-11-01,2025-11-30,76.45,ok,1,1,1.0,95.5,hoch,gdelt_event
Iran,narrative,2025-11,2025-11-01,2025-11-30,65.62,ok,1,1,1.0,91.97,hoch,narrative_input
Iran,governance,2025-11,2025-11-01,2025-11-30,65.9,ok,1,1,1.0,93.0,hoch,governance_input
Iran,market_food,2025-11,2025-11-01,2025-11-30,31.79,ok,2,2,1.0,97.51,hoch,"fao_ffpi,fao_fpma"
Iran,shock,2025-11,2025-11-01,2025-11-30,35.46,ok,1,1,1.0,93.0,hoch,gdacs
Iran,displacement,2025-11,2025-11-01,2025-11-30,66.99,ok,1,1,1.0,93.25,hoch,unhcr
Iran,structural,2025-11,2025-11-01,2025-11-30,94.55,ok,1,1,1.0,61.75,mittel,un_comtrade
Israel,event,2025-11,2025-11-01,2025-11-30,60.76,ok,1,1,1.0,95.5,hoch,gdelt_event
Israel,narrative,2025-11,2025-11-01,2025-11-30,58.08,ok,1,1,1.0,90.8,hoch,narrative_input
Israel,governance,2025-11,2025-11-01,2025-11-30,53.26,ok,1,1,1.0,93.0,hoch,governance_input
Israel,market_food,2025-11,2025-11-01,2025-11-30,50.38,ok,2,2,1.0,97.57,hoch,"fao_ffpi,fao_fpma"
Israel,shock,2025-11,2025-11-01,2025-11-30,51.89,ok,1,1,1.0,93.0,hoch,gdacs
Israel,displacement,2025-11,2025-11-01,2025-11-30,55.3,ok,1,1,1.0,93.25,hoch,unhcr
Israel,structural,2025-11,2025-11-01,2025-11-30,61.86,ok,1,1,1.0,61.75,mittel,un_comtrade
Japan,event,2025-11,2025-11-01,2025-11-30,27.84,ok,1,1,1.0,95.5,hoch,gdelt_event
Japan,narrative,2025-11,2025-11-01,2025-11-30,24.17,ok,1,1,1.0,87.65,hoch,narrative_input
Japan,governance,2025-11,2025-11-01,2025-11-30,22.22,ok,1,1,1.0,93.0,hoch,governance_input
Japan,market_food,2025-11,2025-11-01,2025-11-30,45.96,ok,2,2,1.0,98.17,hoch,"fao_ffpi,fao_fpma"
Japan,shock,2025-11,2025-11-01,2025-11-30,46.44,ok,1,1,1.0,93.0,hoch,gdacs
Japan,displacement,2025-11,2025-11-01,2025-11-30,21.25,ok,1,1,1.0,93.25,hoch,unhcr
Japan,structural,2025-11,2025-11-01,2025-11-30,0.0,ok,1,1,1.0,61.75,mittel,un_comtrade
Nigeria,event,2025-11,2025-11-01,2025-11-30,68.77,ok,1,1,1.0,95.5,hoch,gdelt_event
Nigeria,narrative,2025-11,2025-11-01,2025-11-30,61.32,ok,1,1,1.0,91.33,hoch,narrative_input
Nigeria,governance,2025-11,2025-11-01,2025-11-30,58.73,ok,1,1,1.0,93.0,hoch,governance_input
Nigeria,market_food,2025-11,2025-11-01,2025-11-30,32.43,ok,2,2,1.0,97.41,hoch,"fao_ffpi,fao_fpma"
Nigeria,shock,2025-11,2025-11-01,2025-11-30,36.57,ok,1,1,1.0,93.0,hoch,gdacs
Nigeria,displacement,2025-11,2025-11-01,2025-11-30,60.13,ok,1,1,1.0,93.25,hoch,unhcr
Nigeria,structural,2025-11,2025-11-01,2025-11-30,80.23,ok,1,1,1.0,61.75,mittel,un_comtrade
Poland,event,2025-11,2025-11-01,2025-11-30,44.67,ok,1,1,1.0,95.5,hoch,gdelt_event
Poland,narrative,2025-11,2025-11-01,2025-11-30,33.97,ok,1,1,1.0,89.05,hoch,narrative_input
Poland,governance,2025-11,2025-11-01,2025-11-30,35.57,ok,1,1,1.0,93.0,hoch,governance_input
Poland,market_food,2025-11,2025-11-01,2025-11-30,30.75,ok,2,2,1.0,97.68,hoch,"fao_ffpi,fao_fpma"
Poland,shock,2025-11,2025-11-01,2025-11-30,33.39,ok,1,1,1.0,93.0,hoch,gdacs
Poland,displacement,2025-11,2025-11-01,2025-11-30,35.94,ok,1,1,1.0,93.25,hoch,unhcr
Poland,structural,2025-11,2025-11-01,2025-11-30,29.98,ok,1,1,1.0,61.75,mittel,un_comtrade
Russia,event,2025-11,2025-11-01,2025-11-30,66.56,ok,1,1,1.0,95.5,hoch,gdelt_event
Russia,narrative,2025-11,2025-11-01,2025-11-30,59.66,ok,1,1,1.0,91.05,hoch,narrative_input
Russia,governance,2025-11,2025-11-01,2025-11-30,55.95,ok,1,1,1.0,93.0,hoch,governance_input
Russia,market_food,2025-11,2025-11-01,2025-11-30,27.51,ok,2,2,1.0,96.72,hoch,"fao_ffpi,fao_fpma"
Russia,shock,2025-11,2025-11-01,2025-11-30,35.27,ok,1,1,1.0,93.0,hoch,gdacs
Russia,displacement,2025-11,2025-11-01,2025-11-30,57.33,ok,1,1,1.0,93.25,hoch,unhcr
Russia,structural,2025-11,2025-11-01,2025-11-30,75.36,ok,1,1,1.0,61.75,mittel,un_comtrade
Taiwan,event,2025-11,2025-11-01,2025-11-30,55.85,ok,1,1,1.0,95.5,hoch,gdelt_event
Taiwan,narrative,2025-11,2025-11-01,2025-11-30,36.72,ok,1,1,1.0,90.03,hoch,narrative_input
Taiwan,governance,2025-11,2025-11-01,2025-11-30,45.19,ok,1,1,1.0,93.0,hoch,governance_input
Taiwan,market_food,2025-11,2025-11-01,2025-11-30,24.52,ok,2,2,1.0,97.21,hoch,"fao_ffpi,fao_fpma"
Taiwan,shock,2025-11,2025-11-01,2025-11-30,27.05,ok,1,1,1.0,93.0,hoch,gdacs
Taiwan,displacement,2025-11,2025-11-01,2025-11-30,45.94,ok,1,1,1.0,93.25,hoch,unhcr
Taiwan,structural,2025-11,2025-11-01,2025-11-30,51.87,ok,1,1,1.0,61.75,mittel,un_comtrade
Ukraine,event,2025-11,2025-11-01,2025-11-30,71.92,ok,1,1,1.0,95.5,hoch,gdelt_event
Ukraine,narrative,2025-11,2025-11-01,2025-11-30,62.54,ok,1,1,1.0,91.5,hoch,narrative_input
Ukraine,governance,2025-11,2025-11-01,2025-11-30,60.81,ok,1,1,1.0,93.0,hoch,governance_input
Ukraine,market_food,2025-11,2025-11-01,2025-11-30,30.51,ok,2,2,1.0,97.72,hoch,"fao_ffpi,fao_fpma"
Ukraine,shock,2025-11,2025-11-01,2025-11-30,33.17,ok,1,1,1.0,93.0,hoch,gdacs
Ukraine,displacement,2025-11,2025-11-01,2025-11-30,61.85,ok,1,1,1.0,93.25,hoch,unhcr
Ukraine,structural,2025-11,2025-11-01,2025-11-30,85.37,ok,1,1,1.0,61.75,mittel,un_comtrade
China,event,2025-12,2025-12-01,2025-12-31,45.56,ok,1,1,1.0,95.5,hoch,gdelt_event
China,narrative,2025-12,2025-12-01,2025-12-31,36.58,ok,1,1,1.0,89.97,hoch,narrative_input
China,governance,2025-12,2025-12-01,2025-12-31,44.73,ok,1,1,1.0,93.0,hoch,governance_input
China,market_food,2025-12,2025-12-01,2025-12-31,57.63,ok,2,2,1.0,97.27,hoch,"fao_ffpi,fao_fpma"
China,shock,2025-12,2025-12-01,2025-12-31,47.79,ok,1,1,1.0,93.0,hoch,gdacs
China,displacement,2025-12,2025-12-01,2025-12-31,45.68,ok,1,1,1.0,93.25,hoch,unhcr
China,structural,2025-12,2025-12-01,2025-12-31,51.71,ok,1,1,1.0,92.75,hoch,un_comtrade
Germany,event,2025-12,2025-12-01,2025-12-31,33.65,ok,1,1,1.0,95.5,hoch,gdelt_event
Germany,narrative,2025-12,2025-12-01,2025-12-31,34.16,ok,1,1,1.0,89.12,hoch,narrative_input
Germany,governance,2025-12,2025-12-01,2025-12-31,36.18,ok,1,1,1.0,93.0,hoch,governance_input
Germany,market_food,2025-12,2025-12-01,2025-12-31,88.12,ok,2,2,1.0,96.31,hoch,"fao_ffpi,fao_fpma"
Germany,shock,2025-12,2025-12-01,2025-12-31,73.21,ok,1,1,1.0,93.0,hoch,gdacs
Germany,displacement,2025-12,2025-12-01,2025-12-31,36.53,ok,1,1,1.0,93.25,hoch,unhcr
Germany,structural,2025-12,2025-12-01,2025-12-31,12.86,ok,1,1,1.0,92.75,hoch,un_comtrade
Iran,event,2025-12,2025-12-01,2025-12-31,74.03,ok,1,1,1.0,95.5,hoch,gdelt_event
Iran,narrative,2025-12,2025-12-01,2025-12-31,69.83,ok,1,1,1.0,92.6,hoch,narrative_input
Iran,governance,2025-12,2025-12-01,2025-12-31,72.84,ok,1,1,1.0,93.0,hoch,governance_input
Iran,market_food,2025-12,2025-12-01,2025-12-31,56.27,ok,2,2,1.0,97.97,hoch,"fao_ffpi,fao_fpma"
Iran,shock,2025-12,2025-12-01,2025-12-31,57.43,ok,1,1,1.0,93.0,hoch,gdacs
Iran,displacement,2025-12,2025-12-01,2025-12-31,73.19,ok,1,1,1.0,93.25,hoch,unhcr
Iran,structural,2025-12,2025-12-01,2025-12-31,100.0,ok,1,1,1.0,92.75,hoch,un_comtrade
Israel,event,2025-12,2025-12-01,2025-12-31,64.28,ok,1,1,1.0,95.5,hoch,gdelt_event
Israel,narrative,2025-12,2025-12-01,2025-12-31,65.41,ok,1,1,1.0,91.95,hoch,narrative_input
Israel,governance,2025-12,2025-12-01,2025-12-31,65.53,ok,1,1,1.0,93.0,hoch,governance_input
Israel,market_food,2025-12,2025-12-01,2025-12-31,85.37,ok,2,2,1.0,95.86,hoch,"fao_ffpi,fao_fpma"
Israel,shock,2025-12,2025-12-01,2025-12-31,70.7,ok,1,1,1.0,93.0,hoch,gdacs
Israel,displacement,2025-12,2025-12-01,2025-12-31,66.42,ok,1,1,1.0,93.25,hoch,unhcr
Israel,structural,2025-12,2025-12-01,2025-12-31,71.14,ok,1,1,1.0,92.75,hoch,un_comtrade
Japan,event,2025-12,2025-12-01,2025-12-31,21.69,ok,1,1,1.0,95.5,hoch,gdelt_event
Japan,narrative,2025-12,2025-12-01,2025-12-31,24.46,ok,1,1,1.0,87.92,hoch,narrative_input
Japan,governance,2025-12,2025-12-01,2025-12-31,24.84,ok,1,1,1.0,93.0,hoch,governance_input
Japan,market_food,2025-12,2025-12-01,2025-12-31,77.7,ok,2,2,1.0,96.09,hoch,"fao_ffpi,fao_fpma"
Japan,shock,2025-12,2025-12-01,2025-12-31,67.14,ok,1,1,1.0,93.0,hoch,gdacs
Japan,displacement,2025-12,2025-12-01,2025-12-31,24.25,ok,1,1,1.0,93.25,hoch,unhcr
Japan,structural,2025-12,2025-12-01,2025-12-31,4.0,ok,1,1,1.0,92.75,hoch,un_comtrade
Nigeria,event,2025-12,2025-12-01,2025-12-31,67.03,ok,1,1,1.0,95.5,hoch,gdelt_event
Nigeria,narrative,2025-12,2025-12-01,2025-12-31,66.05,ok,1,1,1.0,92.03,hoch,narrative_input
Nigeria,governance,2025-12,2025-12-01,2025-12-31,66.62,ok,1,1,1.0,93.0,hoch,governance_input
Nigeria,market_food,2025-12,2025-12-01,2025-12-31,58.21,ok,2,2,1.0,97.36,hoch,"fao_ffpi,fao_fpma"
Nigeria,shock,2025-12,2025-12-01,2025-12-31,52.99,ok,1,1,1.0,93.0,hoch,gdacs
Nigeria,displacement,2025-12,2025-12-01,2025-12-31,67.55,ok,1,1,1.0,93.25,hoch,unhcr
Nigeria,structural,2025-12,2025-12-01,2025-12-31,90.57,ok,1,1,1.0,92.75,hoch,un_comtrade
Poland,event,2025-12,2025-12-01,2025-12-31,38.58,ok,1,1,1.0,95.5,hoch,gdelt_event
Poland,narrative,2025-12,2025-12-01,2025-12-31,34.84,ok,1,1,1.0,89.38,hoch,narrative_input
Poland,governance,2025-12,2025-12-01,2025-12-31,38.61,ok,1,1,1.0,93.0,hoch,governance_input
Poland,market_food,2025-12,2025-12-01,2025-12-31,58.84,ok,2,2,1.0,97.47,hoch,"fao_ffpi,fao_fpma"
Poland,shock,2025-12,2025-12-01,2025-12-31,54.68,ok,1,1,1.0,93.0,hoch,gdacs
Poland,displacement,2025-12,2025-12-01,2025-12-31,39.22,ok,1,1,1.0,93.25,hoch,unhcr
Poland,structural,2025-12,2025-12-01,2025-12-31,37.43,ok,1,1,1.0,92.75,hoch,un_comtrade
Russia,event,2025-12,2025-12-01,2025-12-31,62.28,ok,1,1,1.0,95.5,hoch,gdelt_event
Russia,narrative,2025-12,2025-12-01,2025-12-31,62.29,ok,1,1,1.0,91.47,hoch,narrative_input
Russia,governance,2025-12,2025-12-01,2025-12-31,60.39,ok,1,1,1.0,93.0,hoch,governance_input
Russia,market_food,2025-12,2025-12-01,2025-12-31,46.7,ok,2,2,1.0,98.04,hoch,"fao_ffpi,fao_fpma"
Russia,shock,2025-12,2025-12-01,2025-12-31,47.07,ok,1,1,1.0,93.0,hoch,gdacs
Russia,displacement,2025-12,2025-12-01,2025-12-31,61.29,ok,1,1,1.0,93.25,hoch,unhcr
Russia,structural,2025-12,2025-12-01,2025-12-31,85.43,ok,1,1,1.0,92.75,hoch,un_comtrade
Taiwan,event,2025-12,2025-12-01,2025-12-31,49.93,ok,1,1,1.0,95.5,hoch,gdelt_event
Taiwan,narrative,2025-12,2025-12-01,2025-12-31,55.19,ok,1,1,1.0,90.33,hoch,narrative_input
Taiwan,governance,2025-12,2025-12-01,2025-12-31,48.37,ok,1,1,1.0,93.0,hoch,governance_input
Taiwan,market_food,2025-12,2025-12-01,2025-12-31,43.43,ok,2,2,1.0,97.09,hoch,"fao_ffpi,fao_fpma"
Taiwan,shock,2025-12,2025-12-01,2025-12-31,56.71,ok,1,1,1.0,93.0,hoch,gdacs
Taiwan,displacement,2025-12,2025-12-01,2025-12-31,49.31,ok,1,1,1.0,93.25,hoch,unhcr
Taiwan,structural,2025-12,2025-12-01,2025-12-31,60.57,ok,1,1,1.0,92.75,hoch,un_comtrade
Ukraine,event,2025-12,2025-12-01,2025-12-31,67.31,ok,1,1,1.0,95.5,hoch,gdelt_event
Ukraine,narrative,2025-12,2025-12-01,2025-12-31,65.3,ok,1,1,1.0,91.92,hoch,narrative_input
Ukraine,governance,2025-12,2025-12-01,2025-12-31,65.34,ok,1,1,1.0,93.0,hoch,governance_input
Ukraine,market_food,2025-12,2025-12-01,2025-12-31,41.34,ok,2,2,1.0,97.43,hoch,"fao_ffpi,fao_fpma"
Ukraine,shock,2025-12,2025-12-01,2025-12-31,44.96,ok,1,1,1.0,93.0,hoch,gdacs
Ukraine,displacement,2025-12,2025-12-01,2025-12-31,65.9,ok,1,1,1.0,93.25,hoch,unhcr
Ukraine,structural,2025-12,2025-12-01,2025-12-31,96.0,ok,1,1,1.0,92.75,hoch,un_comtrade
China,event,2026-01,2026-01-01,2026-01-31,48.87,ok,1,1,1.0,95.5,hoch,gdelt_event
China,narrative,2026-01,2026-01-01,2026-01-31,54.53,ok,1,1,1.0,90.22,hoch,narrative_input
China,governance,2026-01,2026-01-01,2026-01-31,47.16,ok,1,1,1.0,93.0,hoch,governance_input
China,market_food,2026-01,2026-01-01,2026-01-31,73.08,ok,2,2,1.0,96.82,hoch,"fao_ffpi,fao_fpma"
China,shock,2026-01,2026-01-01,2026-01-31,54.35,ok,1,1,1.0,93.0,hoch,gdacs
China,displacement,2026-01,2026-01-01,2026-01-31,47.31,ok,1,1,1.0,93.25,hoch,unhcr
China,structural,2026-01,2026-01-01,2026-01-31,51.71,ok,1,1,1.0,89.52,hoch,un_comtrade
Germany,event,2026-01,2026-01-01,2026-01-31,32.8,ok,1,1,1.0,95.5,hoch,gdelt_event
Germany,narrative,2026-01,2026-01-01,2026-01-31,33.29,ok,1,1,1.0,88.8,hoch,narrative_input
Germany,governance,2026-01,2026-01-01,2026-01-31,33.08,ok,1,1,1.0,93.0,hoch,governance_input
Germany,market_food,2026-01,2026-01-01,2026-01-31,74.27,ok,2,2,1.0,97.01,hoch,"fao_ffpi,fao_fpma"
Germany,shock,2026-01,2026-01-01,2026-01-31,66.78,ok,1,1,1.0,93.0,hoch,gdacs
Germany,displacement,2026-01,2026-01-01,2026-01-31,31.29,ok,1,1,1.0,93.25,hoch,unhcr
Germany,structural,2026-01,2026-01-01,2026-01-31,12.86,ok,1,1,1.0,89.52,hoch,un_comtrade
Iran,event,2026-01,2026-01-01,2026-01-31,81.39,ok,1,1,1.0,95.5,hoch,gdelt_event
Iran,narrative,2026-01,2026-01-01,2026-01-31,71.66,ok,1,1,1.0,92.85,hoch,narrative_input
Iran,governance,2026-01,2026-01-01,2026-01-31,75.81,ok,1,1,1.0,93.0,hoch,governance_input
Iran,market_food,2026-01,2026-01-01,2026-01-31,81.78,ok,2,2,1.0,95.27,hoch,"fao_ffpi,fao_fpma"
Iran,shock,2026-01,2026-01-01,2026-01-31,66.99,ok,1,1,1.0,93.0,hoch,gdacs
Iran,displacement,2026-01,2026-01-01,2026-01-31,74.13,ok,1,1,1.0,93.25,hoch,unhcr
Iran,structural,2026-01,2026-01-01,2026-01-31,100.0,ok,1,1,1.0,89.52,hoch,un_comtrade
Israel,event,2026-01,2026-01-01,2026-01-31,68.49,ok,1,1,1.0,95.5,hoch,gdelt_event
Israel,narrative,2026-01,2026-01-01,2026-01-31,65.41,ok,1,1,1.0,91.95,hoch,narrative_input
Israel,governance,2026-01,2026-01-01,2026-01-31,65.53,ok,1,1,1.0,93.0,hoch,governance_input
Israel,market_food,2026-01,2026-01-01,2026-01-31,85.37,ok,2,2,1.0,95.86,hoch,"fao_ffpi,fao_fpma"
Israel,shock,2026-01,2026-01-01,2026-01-31,70.7,ok,1,1,1.0,93.0,hoch,gdacs
Israel,displacement,2026-01,2026-01-01,2026-01-31,62.48,ok,1,1,1.0,93.25,hoch,unhcr
Israel,structural,2026-01,2026-01-01,2026-01-31,71.14,ok,1,1,1.0,89.52,hoch,un_comtrade
Japan,event,2026-01,2026-01-01,2026-01-31,22.02,ok,1,1,1.0,95.5,hoch,gdelt_event
Japan,narrative,2026-01,2026-01-01,2026-01-31,24.46,ok,1,1,1.0,87.92,hoch,narrative_input
Japan,governance,2026-01,2026-01-01,2026-01-31,24.84,ok,1,1,1.0,93.0,hoch,governance_input
Japan,market_food,2026-01,2026-01-01,2026-01-31,69.52,ok,2,2,1.0,97.72,hoch,"fao_ffpi,fao_fpma"
Japan,shock,2026-01,2026-01-01,2026-01-31,67.14,ok,1,1,1.0,93.0,hoch,gdacs
Japan,displacement,2026-01,2026-01-01,2026-01-31,23.24,ok,1,1,1.0,93.25,hoch,unhcr
Japan,structural,2026-01,2026-01-01,2026-01-31,4.0,ok,1,1,1.0,89.52,hoch,un_comtrade
Nigeria,event,2026-01,2026-01-01,2026-01-31,78.8,ok,1,1,1.0,95.5,hoch,gdelt_event
Nigeria,narrative,2026-01,2026-01-01,2026-01-31,71.66,ok,1,1,1.0,92.85,hoch,narrative_input
Nigeria,governance,2026-01,2026-01-01,2026-01-31,75.81,ok,1,1,1.0,93.0,hoch,governance_input
Nigeria,market_food,2026-01,2026-01-01,2026-01-31,85.05,ok,2,2,1.0,95.8,hoch,"fao_ffpi,fao_fpma"
Nigeria,shock,2026-01,2026-01-01,2026-01-31,73.18,ok,1,1,1.0,93.0,hoch,gdacs
Nigeria,displacement,2026-01,2026-01-01,2026-01-31,74.64,ok,1,1,1.0,93.25,hoch,unhcr
Nigeria,structural,2026-01,2026-01-01,2026-01-31,90.57,ok,1,1,1.0,89.52,hoch,un_comtrade
Poland,event,2026-01,2026-01-01,2026-01-31,41.16,ok,1,1,1.0,95.5,hoch,gdelt_event
Poland,narrative,2026-01,2026-01-01,2026-01-31,35.35,ok,1,1,1.0,89.55,hoch,narrative_input
Poland,governance,2026-01,2026-01-01,2026-01-31,40.37,ok,1,1,1.0,93.0,hoch,governance_input
Poland,market_food,2026-01,2026-01-01,2026-01-31,77.88,ok,2,2,1.0,96.12,hoch,"fao_ffpi,fao_fpma"
Poland,shock,2026-01,2026-01-01,2026-01-31,67.7,ok,1,1,1.0,93.0,hoch,gdacs
Poland,displacement,2026-01,2026-01-01,2026-01-31,40.21,ok,1,1,1.0,93.25,hoch,unhcr
Poland,structural,2026-01,2026-01-01,2026-01-31,37.43,ok,1,1,1.0,89.52,hoch,un_comtrade
Russia,event,2026-01,2026-01-01,2026-01-31,68.79,ok,1,1,1.0,95.5,hoch,gdelt_event
Russia,narrative,2026-01,2026-01-01,2026-01-31,65.83,ok,1,1,1.0,92.0,hoch,narrative_input
Russia,governance,2026-01,2026-01-01,2026-01-31,66.31,ok,1,1,1.0,93.0,hoch,governance_input
Russia,market_food,2026-01,2026-01-01,2026-01-31,67.63,ok,2,2,1.0,97.42,hoch,"fao_ffpi,fao_fpma"
Russia,shock,2026-01,2026-01-01,2026-01-31,63.31,ok,1,1,1.0,93.0,hoch,gdacs
Russia,displacement,2026-01,2026-01-01,2026-01-31,66.24,ok,1,1,1.0,93.25,hoch,unhcr
Russia,structural,2026-01,2026-01-01,2026-01-31,85.43,ok,1,1,1.0,89.52,hoch,un_comtrade
Taiwan,event,2026-01,2026-01-01,2026-01-31,51.98,ok,1,1,1.0,95.5,hoch,gdelt_event
Taiwan,narrative,2026-01,2026-01-01,2026-01-31,56.05,ok,1,1,1.0,90.47,hoch,narrative_input
Taiwan,governance,2026-01,2026-01-01,2026-01-31,49.76,ok,1,1,1.0,93.0,hoch,governance_input
Taiwan,market_food,2026-01,2026-01-01,2026-01-31,60.08,ok,2,2,1.0,97.67,hoch,"fao_ffpi,fao_fpma"
Taiwan,shock,2026-01,2026-01-01,2026-01-31,60.12,ok,1,1,1.0,93.0,hoch,gdacs
Taiwan,displacement,2026-01,2026-01-01,2026-01-31,49.81,ok,1,1,1.0,93.25,hoch,unhcr
Taiwan,structural,2026-01,2026-01-01,2026-01-31,60.57,ok,1,1,1.0,89.52,hoch,un_comtrade
Ukraine,event,2026-01,2026-01-01,2026-01-31,74.73,ok,1,1,1.0,95.5,hoch,gdelt_event
Ukraine,narrative,2026-01,2026-01-01,2026-01-31,69.39,ok,1,1,1.0,92.53,hoch,narrative_input
Ukraine,governance,2026-01,2026-01-01,2026-01-31,72.12,ok,1,1,1.0,93.0,hoch,governance_input
Ukraine,market_food,2026-01,2026-01-01,2026-01-31,67.73,ok,2,2,1.0,97.43,hoch,"fao_ffpi,fao_fpma"
Ukraine,shock,2026-01,2026-01-01,2026-01-31,63.22,ok,1,1,1.0,93.0,hoch,gdacs
Ukraine,displacement,2026-01,2026-01-01,2026-01-31,71.62,ok,1,1,1.0,93.25,hoch,unhcr
Ukraine,structural,2026-01,2026-01-01,2026-01-31,96.0,ok,1,1,1.0,89.52,hoch,un_comtrade
China,event,2026-02,2026-02-01,2026-02-28,58.76,ok,1,1,1.0,95.5,hoch,gdelt_event
China,narrative,2026-02,2026-02-01,2026-02-28,55.47,ok,1,1,1.0,90.38,hoch,narrative_input
China,governance,2026-02,2026-02-01,2026-02-28,48.88,ok,1,1,1.0,93.0,hoch,governance_input
China,market_food,2026-02,2026-02-01,2026-02-28,86.1,ok,2,2,1.0,95.97,hoch,"fao_ffpi,fao_fpma"
China,shock,2026-02,2026-02-01,2026-02-28,99.68,ok,1,1,1.0,93.0,hoch,gdacs
China,displacement,2026-02,2026-02-01,2026-02-28,48.45,ok,1,1,1.0,93.25,hoch,unhcr
China,structural,2026-02,2026-02-01,2026-02-28,51.71,ok,1,1,1.0,86.61,hoch,un_comtrade
Germany,event,2026-02,2026-02-01,2026-02-28,31.46,ok,1,1,1.0,95.5,hoch,gdelt_event
Germany,narrative,2026-02,2026-02-01,2026-02-28,24.6,ok,1,1,1.0,88.08,hoch,narrative_input
Germany,governance,2026-02,2026-02-01,2026-02-28,26.16,ok,1,1,1.0,93.0,hoch,governance_input
Germany,market_food,2026-02,2026-02-01,2026-02-28,44.66,ok,2,2,1.0,98.12,hoch,"fao_ffpi,fao_fpma"
Germany,shock,2026-02,2026-02-01,2026-02-28,53.58,ok,1,1,1.0,93.0,hoch,gdacs
Germany,displacement,2026-02,2026-02-01,2026-02-28,25.15,ok,1,1,1.0,93.25,hoch,unhcr
Germany,structural,2026-02,2026-02-01,2026-02-28,12.86,ok,1,1,1.0,86.61,hoch,un_comtrade
Iran,event,2026-02,2026-02-01,2026-02-28,83.44,ok,1,1,1.0,95.5,hoch,gdelt_event
Iran,narrative,2026-02,2026-02-01,2026-02-28,71.66,ok,1,1,1.0,92.85,hoch,narrative_input
Iran,governance,2026-02,2026-02-01,2026-02-28,75.81,ok,1,1,1.0,93.0,hoch,governance_input
Iran,market_food,2026-02,2026-02-01,2026-02-28,81.78,ok,2,2,1.0,95.27,hoch,"fao_ffpi,fao_fpma"
Iran,shock,2026-02,2026-02-01,2026-02-28,66.99,ok,1,1,1.0,93.0,hoch,gdacs
Iran,displacement,2026-02,2026-02-01,2026-02-28,73.22,ok,1,1,1.0,93.25,hoch,unhcr
Iran,structural,2026-02,2026-02-01,2026-02-28,100.0,ok,1,1,1.0,86.61,hoch,un_comtrade
Israel,event,2026-02,2026-02-01,2026-02-28,62.96,ok,1,1,1.0,95.5,hoch,gdelt_event
Israel,narrative,2026-02,2026-02-01,2026-02-28,58.08,ok,1,1,1.0,90.8,hoch,narrative_input
Israel,governance,2026-02,2026-02-01,2026-02-28,53.26,ok,1,1,1.0,93.0,hoch,governance_input
Israel,market_food,2026-02,2026-02-01,2026-02-28,50.38,ok,2,2,1.0,97.57,hoch,"fao_ffpi,fao_fpma"
Israel,shock,2026-02,2026-02-01,2026-02-28,51.89,ok,1,1,1.0,93.0,hoch,gdacs
Israel,displacement,2026-02,2026-02-01,2026-02-28,53.04,ok,1,1,1.0,93.25,hoch,unhcr
Israel,structural,2026-02,2026-02-01,2026-02-28,71.14,ok,1,1,1.0,86.61,hoch,un_comtrade
Japan,event,2026-02,2026-02-01,2026-02-28,26.39,ok,1,1,1.0,95.5,hoch,gdelt_event
Japan,narrative,2026-02,2026-02-01,2026-02-28,24.14,ok,1,1,1.0,87.6,hoch,narrative_input
Japan,governance,2026-02,2026-02-01,2026-02-28,21.88,ok,1,1,1.0,93.0,hoch,governance_input
Japan,market_food,2026-02,2026-02-01,2026-02-28,40.51,ok,2,2,1.0,97.57,hoch,"fao_ffpi,fao_fpma"
Japan,shock,2026-02,2026-02-01,2026-02-28,43.38,ok,1,1,1.0,93.0,hoch,gdacs
Japan,displacement,2026-02,2026-02-01,2026-02-28,20.56,ok,1,1,1.0,93.25,hoch,unhcr
Japan,structural,2026-02,2026-02-01,2026-02-28,4.0,ok,1,1,1.0,86.61,hoch,un_comtrade
Nigeria,event,2026-02,2026-02-01,2026-02-28,82.07,ok,1,1,1.0,95.5,hoch,gdelt_event
Nigeria,narrative,2026-02,2026-02-01,2026-02-28,71.66,ok,1,1,1.0,92.85,hoch,narrative_input
Nigeria,governance,2026-02,2026-02-01,2026-02-28,75.81,ok,1,1,1.0,93.0,hoch,governance_input
Nigeria,market_food,2026-02,2026-02-01,2026-02-28,85.05,ok,2,2,1.0,95.8,hoch,"fao_ffpi,fao_fpma"
Nigeria,shock,2026-02,2026-02-01,2026-02-28,73.18,ok,1,1,1.0,93.0,hoch,gdacs
Nigeria,displacement,2026-02,2026-02-01,2026-02-28,71.82,ok,1,1,1.0,93.25,hoch,unhcr
Nigeria,structural,2026-02,2026-02-01,2026-02-28,90.57,ok,1,1,1.0,86.61,hoch,un_comtrade
Poland,event,2026-02,2026-02-01,2026-02-28,50.84,ok,1,1,1.0,95.5,hoch,gdelt_event
Poland,narrative,2026-02,2026-02-01,2026-02-28,35.71,ok,1,1,1.0,89.67,hoch,narrative_input
Poland,governance,2026-02,2026-02-01,2026-02-28,41.62,ok,1,1,1.0,93.0,hoch,governance_input
Poland,market_food,2026-02,2026-02-01,2026-02-28,86.93,ok,2,2,1.0,96.11,hoch,"fao_ffpi,fao_fpma"
Poland,shock,2026-02,2026-02-01,2026-02-28,76.83,ok,1,1,1.0,93.0,hoch,gdacs
Poland,displacement,2026-02,2026-02-01,2026-02-28,41.08,ok,1,1,1.0,93.25,hoch,unhcr
Poland,structural,2026-02,2026-02-01,2026-02-28,37.43,ok,1,1,1.0,86.61,hoch,un_comtrade
Russia,event,2026-02,2026-02-01,2026-02-28,79.93,ok,1,1,1.0,95.5,hoch,gdelt_event
Russia,narrative,2026-02,2026-02-01,2026-02-28,67.97,ok,1,1,1.0,92.33,hoch,narrative_input
Russia,governance,2026-02,2026-02-01,2026-02-28,69.79,ok,1,1,1.0,93.0,hoch,governance_input
Russia,market_food,2026-02,2026-02-01,2026-02-28,76.92,ok,2,2,1.0,97.45,hoch,"fao_ffpi,fao_fpma"
Russia,shock,2026-02,2026-02-01,2026-02-28,73.13,ok,1,1,1.0,93.0,hoch,gdacs
Russia,displacement,2026-02,2026-02-01,2026-02-28,68.03,ok,1,1,1.0,93.25,hoch,unhcr
Russia,structural,2026-02,2026-02-01,2026-02-28,85.43,ok,1,1,1.0,86.61,hoch,un_comtrade
Taiwan,event,2026-02,2026-02-01,2026-02-28,62.55,ok,1,1,1.0,95.5,hoch,gdelt_event
Taiwan,narrative,2026-02,2026-02-01,2026-02-28,57.25,ok,1,1,1.0,90.67,hoch,narrative_input
Taiwan,governance,2026-02,2026-02-01,2026-02-28,51.86,ok,1,1,1.0,93.0,hoch,governance_input
Taiwan,market_food,2026-02,2026-02-01,2026-02-28,79.11,ok,2,2,1.0,96.32,hoch,"fao_ffpi,fao_fpma"
Taiwan,shock,2026-02,2026-02-01,2026-02-28,65.32,ok,1,1,1.0,93.0,hoch,gdacs
Taiwan,displacement,2026-02,2026-02-01,2026-02-28,51.67,ok,1,1,1.0,93.25,hoch,unhcr
Taiwan,structural,2026-02,2026-02-01,2026-02-28,60.57,ok,1,1,1.0,86.61,hoch,un_comtrade
Ukraine,event,2026-02,2026-02-01,2026-02-28,83.34,ok,1,1,1.0,95.5,hoch,gdelt_event
Ukraine,narrative,2026-02,2026-02-01,2026-02-28,71.66,ok,1,1,1.0,92.85,hoch,narrative_input
Ukraine,governance,2026-02,2026-02-01,2026-02-28,75.81,ok,1,1,1.0,93.0,hoch,governance_input
Ukraine,market_food,2026-02,2026-02-01,2026-02-28,85.2,ok,2,2,1.0,95.83,hoch,"fao_ffpi,fao_fpma"
Ukraine,shock,2026-02,2026-02-01,2026-02-28,73.52,ok,1,1,1.0,93.0,hoch,gdacs
Ukraine,displacement,2026-02,2026-02-01,2026-02-28,73.41,ok,1,1,1.0,93.25,hoch,unhcr
Ukraine,structural,2026-02,2026-02-01,2026-02-28,96.0,ok,1,1,1.0,86.61,hoch,un_comtrade
China,event,2026-03,2026-03-01,2026-03-31,50.68,ok,1,1,1.0,95.5,hoch,gdelt_event
China,narrative,2026-03,2026-03-01,2026-03-31,36.51,ok,1,1,1.0,89.95,hoch,narrative_input
China,governance,2026-03,2026-03-01,2026-03-31,44.46,ok,1,1,1.0,93.0,hoch,governance_input
China,market_food,2026-03,2026-03-01,2026-03-31,48.76,ok,2,2,1.0,97.71,hoch,"fao_ffpi,fao_fpma"
China,shock,2026-03,2026-03-01,2026-03-31,47.15,ok,1,1,1.0,93.0,hoch,gdacs
China,displacement,2026-03,2026-03-01,2026-03-31,44.33,ok,1,1,1.0,93.25,hoch,unhcr
China,structural,2026-03,2026-03-01,2026-03-31,51.71,ok,1,1,1.0,83.38,hoch,un_comtrade
Germany,event,2026-03,2026-03-01,2026-03-31,26.2,ok,1,1,1.0,95.5,hoch,gdelt_event
Germany,narrative,2026-03,2026-03-01,2026-03-31,24.19,ok,1,1,1.0,87.65,hoch,narrative_input
Germany,governance,2026-03,2026-03-01,2026-03-31,22.4,ok,1,1,1.0,93.0,hoch,governance_input
Germany,market_food,2026-03,2026-03-01,2026-03-31,25.03,ok,2,2,1.0,97.13,hoch,"fao_ffpi,fao_fpma"
Germany,shock,2026-03,2026-03-01,2026-03-31,30.56,ok,1,1,1.0,93.0,hoch,gdacs
Germany,displacement,2026-03,2026-03-01,2026-03-31,21.77,ok,1,1,1.0,93.25,hoch,unhcr
Germany,structural,2026-03,2026-03-01,2026-03-31,12.86,ok,1,1,1.0,83.38,hoch,un_comtrade
Iran,event,2026-03,2026-03-01,2026-03-31,76.71,ok,1,1,1.0,95.5,hoch,gdelt_event
Iran,narrative,2026-03,2026-03-01,2026-03-31,68.52,ok,1,1,1.0,92.4,hoch,narrative_input
Iran,governance,2026-03,2026-03-01,2026-03-31,70.63,ok,1,1,1.0,93.0,hoch,governance_input
Iran,market_food,2026-03,2026-03-01,2026-03-31,48.26,ok,2,2,1.0,97.79,hoch,"fao_ffpi,fao_fpma"
Iran,shock,2026-03,2026-03-01,2026-03-31,50.16,ok,1,1,1.0,93.0,hoch,gdacs
Iran,displacement,2026-03,2026-03-01,2026-03-31,69.43,ok,1,1,1.0,93.25,hoch,unhcr
Iran,structural,2026-03,2026-03-01,2026-03-31,100.0,ok,1,1,1.0,83.38,hoch,un_comtrade
Israel,event,2026-03,2026-03-01,2026-03-31,55.08,ok,1,1,1.0,95.5,hoch,gdelt_event
Israel,narrative,2026-03,2026-03-01,2026-03-31,54.15,ok,1,1,1.0,90.15,hoch,narrative_input
Israel,governance,2026-03,2026-03-01,2026-03-31,46.54,ok,1,1,1.0,93.0,hoch,governance_input
Israel,market_food,2026-03,2026-03-01,2026-03-31,21.45,ok,2,2,1.0,96.23,hoch,"fao_ffpi,fao_fpma"
Israel,shock,2026-03,2026-03-01,2026-03-31,28.88,ok,1,1,1.0,93.0,hoch,gdacs
Israel,displacement,2026-03,2026-03-01,2026-03-31,47.69,ok,1,1,1.0,93.25,hoch,unhcr
Israel,structural,2026-03,2026-03-01,2026-03-31,71.14,ok,1,1,1.0,83.38,hoch,un_comtrade
Japan,event,2026-03,2026-03-01,2026-03-31,21.76,ok,1,1,1.0,95.5,hoch,gdelt_event
Japan,narrative,2026-03,2026-03-01,2026-03-31,23.83,ok,1,1,1.0,87.28,hoch,narrative_input
Japan,governance,2026-03,2026-03-01,2026-03-31,18.99,ok,1,1,1.0,93.0,hoch,governance_input
Japan,market_food,2026-03,2026-03-01,2026-03-31,15.6,ok,2,2,1.0,97.19,hoch,"fao_ffpi,fao_fpma"
Japan,shock,2026-03,2026-03-01,2026-03-31,21.66,ok,1,1,1.0,93.0,hoch,gdacs
Japan,displacement,2026-03,2026-03-01,2026-03-31,17.79,ok,1,1,1.0,93.25,hoch,unhcr
Japan,structural,2026-03,2026-03-01,2026-03-31,4.0,ok,1,1,1.0,83.38,hoch,un_comtrade
Nigeria,event,2026-03,2026-03-01,2026-03-31,67.88,ok,1,1,1.0,95.5,hoch,gdelt_event
Nigeria,narrative,2026-03,2026-03-01,2026-03-31,62.19,ok,1,1,1.0,91.45,hoch,narrative_input
Nigeria,governance,2026-03,2026-03-01,2026-03-31,60.27,ok,1,1,1.0,93.0,hoch,governance_input
Nigeria,market_food,2026-03,2026-03-01,2026-03-31,42.44,ok,2,2,1.0,97.76,hoch,"fao_ffpi,fao_fpma"
Nigeria,shock,2026-03,2026-03-01,2026-03-31,39.7,ok,1,1,1.0,93.0,hoch,gdacs
Nigeria,displacement,2026-03,2026-03-01,2026-03-31,60.22,ok,1,1,1.0,93.25,hoch,unhcr
Nigeria,structural,2026-03,2026-03-01,2026-03-31,90.57,ok,1,1,1.0,83.38,hoch,un_comtrade
Poland,event,2026-03,2026-03-01,2026-03-31,43.93,ok,1,1,1.0,95.5,hoch,gdelt_event
Poland,narrative,2026-03,2026-03-01,2026-03-31,34.77,ok,1,1,1.0,89.35,hoch,narrative_input
Poland,governance,2026-03,2026-03-01,2026-03-31,38.4,ok,1,1,1.0,93.0,hoch,governance_input
Poland,market_food,2026-03,2026-03-01,2026-03-31,49.76,ok,2,2,1.0,97.55,hoch,"fao_ffpi,fao_fpma"
Poland,shock,2026-03,2026-03-01,2026-03-31,53.35,ok,1,1,1.0,93.0,hoch,gdacs
Poland,displacement,2026-03,2026-03-01,2026-03-31,37.96,ok,1,1,1.0,93.25,hoch,unhcr
Poland,structural,2026-03,2026-03-01,2026-03-31,37.43,ok,1,1,1.0,83.38,hoch,un_comtrade
Russia,event,2026-03,2026-03-01,2026-03-31,67.9,ok,1,1,1.0,95.5,hoch,gdelt_event
Russia,narrative,2026-03,2026-03-01,2026-03-31,62.49,ok,1,1,1.0,91.5,hoch,narrative_input
Russia,governance,2026-03,2026-03-01,2026-03-31,60.71,ok,1,1,1.0,93.0,hoch,governance_input
Russia,market_food,2026-03,2026-03-01,2026-03-31,51.18,ok,2,2,1.0,97.7,hoch,"fao_ffpi,fao_fpma"
Russia,shock,2026-03,2026-03-01,2026-03-31,47.91,ok,1,1,1.0,93.0,hoch,gdacs
Russia,displacement,2026-03,2026-03-01,2026-03-31,60.12,ok,1,1,1.0,93.25,hoch,unhcr
Russia,structural,2026-03,2026-03-01,2026-03-31,85.43,ok,1,1,1.0,83.38,hoch,un_comtrade
Taiwan,event,2026-03,2026-03-01,2026-03-31,58.83,ok,1,1,1.0,95.5,hoch,gdelt_event
Taiwan,narrative,2026-03,2026-03-01,2026-03-31,56.96,ok,1,1,1.0,90.62,hoch,narrative_input
Taiwan,governance,2026-03,2026-03-01,2026-03-31,51.39,ok,1,1,1.0,93.0,hoch,governance_input
Taiwan,market_food,2026-03,2026-03-01,2026-03-31,73.43,ok,2,2,1.0,96.88,hoch,"fao_ffpi,fao_fpma"
Taiwan,shock,2026-03,2026-03-01,2026-03-31,64.09,ok,1,1,1.0,93.0,hoch,gdacs
Taiwan,displacement,2026-03,2026-03-01,2026-03-31,50.65,ok,1,1,1.0,93.25,hoch,unhcr
Taiwan,structural,2026-03,2026-03-01,2026-03-31,60.57,ok,1,1,1.0,83.38,hoch,un_comtrade
Ukraine,event,2026-03,2026-03-01,2026-03-31,74.88,ok,1,1,1.0,95.5,hoch,gdelt_event
Ukraine,narrative,2026-03,2026-03-01,2026-03-31,67.28,ok,1,1,1.0,92.22,hoch,narrative_input
Ukraine,governance,2026-03,2026-03-01,2026-03-31,68.63,ok,1,1,1.0,93.0,hoch,governance_input
Ukraine,market_food,2026-03,2026-03-01,2026-03-31,58.43,ok,2,2,1.0,97.4,hoch,"fao_ffpi,fao_fpma"
Ukraine,shock,2026-03,2026-03-01,2026-03-31,53.72,ok,1,1,1.0,93.0,hoch,gdacs
Ukraine,displacement,2026-03,2026-03-01,2026-03-31,67.02,ok,1,1,1.0,93.25,hoch,unhcr
Ukraine,structural,2026-03,2026-03-01,2026-03-31,96.0,ok,1,1,1.0,83.38,hoch,un_comtrade
China,event,2026-04,2026-04-01,2026-04-13,43.44,ok,1,1,1.0,88.14,hoch,gdelt_event
China,narrative,2026-04,2026-04-01,2026-04-13,35.13,ok,1,1,1.0,89.37,hoch,narrative_input
China,governance,2026-04,2026-04-01,2026-04-13,39.62,ok,1,1,1.0,92.89,hoch,governance_input
China,market_food,2026-04,2026-04-01,2026-04-13,18.23,ok,2,2,1.0,96.65,hoch,"fao_ffpi,fao_fpma"
China,shock,2026-04,2026-04-01,2026-04-13,34.86,ok,1,1,1.0,92.89,hoch,gdacs
China,displacement,2026-04,2026-04-01,2026-04-13,40.26,ok,1,1,1.0,93.14,hoch,unhcr
China,structural,2026-04,2026-04-01,2026-04-13,51.71,ok,1,1,1.0,82.02,hoch,un_comtrade
Germany,event,2026-04,2026-04-01,2026-04-13,22.46,ok,1,1,1.0,88.14,hoch,gdelt_event
Germany,narrative,2026-04,2026-04-01,2026-04-13,24.19,ok,1,1,1.0,87.54,hoch,narrative_input
Germany,governance,2026-04,2026-04-01,2026-04-13,22.35,ok,1,1,1.0,92.89,hoch,governance_input
Germany,market_food,2026-04,2026-04-01,2026-04-13,24.82,ok,2,2,1.0,97.06,hoch,"fao_ffpi,fao_fpma"
Germany,shock,2026-04,2026-04-01,2026-04-13,30.51,ok,1,1,1.0,92.89,hoch,gdacs
Germany,displacement,2026-04,2026-04-01,2026-04-13,21.68,ok,1,1,1.0,93.14,hoch,unhcr
Germany,structural,2026-04,2026-04-01,2026-04-13,12.86,ok,1,1,1.0,82.02,hoch,un_comtrade
Iran,event,2026-04,2026-04-01,2026-04-13,65.75,ok,1,1,1.0,88.14,hoch,gdelt_event
Iran,narrative,2026-04,2026-04-01,2026-04-13,63.94,ok,1,1,1.0,91.62,hoch,narrative_input
Iran,governance,2026-04,2026-04-01,2026-04-13,63.13,ok,1,1,1.0,92.89,hoch,governance_input
Iran,market_food,2026-04,2026-04-01,2026-04-13,18.78,ok,2,2,1.0,96.56,hoch,"fao_ffpi,fao_fpma"
Iran,shock,2026-04,2026-04-01,2026-04-13,26.95,ok,1,1,1.0,92.89,hoch,gdacs
Iran,displacement,2026-04,2026-04-01,2026-04-13,63.78,ok,1,1,1.0,93.14,hoch,unhcr
Iran,structural,2026-04,2026-04-01,2026-04-13,100.0,ok,1,1,1.0,82.02,hoch,un_comtrade
Israel,event,2026-04,2026-04-01,2026-04-13,47.21,ok,1,1,1.0,88.14,hoch,gdelt_event
Israel,narrative,2026-04,2026-04-01,2026-04-13,37.02,ok,1,1,1.0,90.02,hoch,narrative_input
Israel,governance,2026-04,2026-04-01,2026-04-13,46.2,ok,1,1,1.0,92.89,hoch,governance_input
Israel,market_food,2026-04,2026-04-01,2026-04-13,17.06,ok,2,2,1.0,95.35,hoch,"fao_ffpi,fao_fpma"
Israel,shock,2026-04,2026-04-01,2026-04-13,28.56,ok,1,1,1.0,92.89,hoch,gdacs
Israel,displacement,2026-04,2026-04-01,2026-04-13,47.43,ok,1,1,1.0,93.14,hoch,unhcr
Israel,structural,2026-04,2026-04-01,2026-04-13,71.14,ok,1,1,1.0,82.02,hoch,un_comtrade
Japan,event,2026-04,2026-04-01,2026-04-13,18.65,ok,1,1,1.0,88.14,hoch,gdelt_event
Japan,narrative,2026-04,2026-04-01,2026-04-13,23.83,ok,1,1,1.0,87.17,hoch,narrative_input
Japan,governance,2026-04,2026-04-01,2026-04-13,18.99,ok,1,1,1.0,92.89,hoch,governance_input
Japan,market_food,2026-04,2026-04-01,2026-04-13,15.6,ok,2,2,1.0,97.08,hoch,"fao_ffpi,fao_fpma"
Japan,shock,2026-04,2026-04-01,2026-04-13,21.66,ok,1,1,1.0,92.89,hoch,gdacs
Japan,displacement,2026-04,2026-04-01,2026-04-13,17.79,ok,1,1,1.0,93.14,hoch,unhcr
Japan,structural,2026-04,2026-04-01,2026-04-13,4.0,ok,1,1,1.0,82.02,hoch,un_comtrade
Nigeria,event,2026-04,2026-04-01,2026-04-13,58.18,ok,1,1,1.0,88.14,hoch,gdelt_event
Nigeria,narrative,2026-04,2026-04-01,2026-04-13,59.31,ok,1,1,1.0,90.89,hoch,narrative_input
Nigeria,governance,2026-04,2026-04-01,2026-04-13,55.34,ok,1,1,1.0,92.89,hoch,governance_input
Nigeria,market_food,2026-04,2026-04-01,2026-04-13,20.16,ok,2,2,1.0,96.33,hoch,"fao_ffpi,fao_fpma"
Nigeria,shock,2026-04,2026-04-01,2026-04-13,29.88,ok,1,1,1.0,92.89,hoch,gdacs
Nigeria,displacement,2026-04,2026-04-01,2026-04-13,56.41,ok,1,1,1.0,93.14,hoch,unhcr
Nigeria,structural,2026-04,2026-04-01,2026-04-13,90.57,ok,1,1,1.0,82.02,hoch,un_comtrade
Poland,event,2026-04,2026-04-01,2026-04-13,37.66,ok,1,1,1.0,88.14,hoch,gdelt_event
Poland,narrative,2026-04,2026-04-01,2026-04-13,33.54,ok,1,1,1.0,88.79,hoch,narrative_input
Poland,governance,2026-04,2026-04-01,2026-04-13,33.99,ok,1,1,1.0,92.89,hoch,governance_input
Poland,market_food,2026-04,2026-04-01,2026-04-13,12.17,ok,2,2,1.0,96.15,hoch,"fao_ffpi,fao_fpma"
Poland,shock,2026-04,2026-04-01,2026-04-13,22.71,ok,1,1,1.0,92.89,hoch,gdacs
Poland,displacement,2026-04,2026-04-01,2026-04-13,34.24,ok,1,1,1.0,93.14,hoch,unhcr
Poland,structural,2026-04,2026-04-01,2026-04-13,37.43,ok,1,1,1.0,82.02,hoch,un_comtrade
Russia,event,2026-04,2026-04-01,2026-04-13,58.2,ok,1,1,1.0,88.14,hoch,gdelt_event
Russia,narrative,2026-04,2026-04-01,2026-04-13,58.47,ok,1,1,1.0,90.77,hoch,narrative_input
Russia,governance,2026-04,2026-04-01,2026-04-13,53.94,ok,1,1,1.0,92.89,hoch,governance_input
Russia,market_food,2026-04,2026-04-01,2026-04-13,20.34,ok,2,2,1.0,96.3,hoch,"fao_ffpi,fao_fpma"
Russia,shock,2026-04,2026-04-01,2026-04-13,30.06,ok,1,1,1.0,92.89,hoch,gdacs
Russia,displacement,2026-04,2026-04-01,2026-04-13,54.82,ok,1,1,1.0,93.14,hoch,unhcr
Russia,structural,2026-04,2026-04-01,2026-04-13,85.43,ok,1,1,1.0,82.02,hoch,un_comtrade
Taiwan,event,2026-04,2026-04-01,2026-04-13,50.42,ok,1,1,1.0,88.14,hoch,gdelt_event
Taiwan,narrative,2026-04,2026-04-01,2026-04-13,36.88,ok,1,1,1.0,89.97,hoch,narrative_input
Taiwan,governance,2026-04,2026-04-01,2026-04-13,45.8,ok,1,1,1.0,92.89,hoch,governance_input
Taiwan,market_food,2026-04,2026-04-01,2026-04-13,30.6,ok,2,2,1.0,97.6,hoch,"fao_ffpi,fao_fpma"
Taiwan,shock,2026-04,2026-04-01,2026-04-13,28.06,ok,1,1,1.0,92.89,hoch,gdacs
Taiwan,displacement,2026-04,2026-04-01,2026-04-13,46.15,ok,1,1,1.0,93.14,hoch,unhcr
Taiwan,structural,2026-04,2026-04-01,2026-04-13,60.57,ok,1,1,1.0,82.02,hoch,un_comtrade
Ukraine,event,2026-04,2026-04-01,2026-04-13,64.18,ok,1,1,1.0,88.14,hoch,gdelt_event
Ukraine,narrative,2026-04,2026-04-01,2026-04-13,61.78,ok,1,1,1.0,91.29,hoch,narrative_input
Ukraine,governance,2026-04,2026-04-01,2026-04-13,59.49,ok,1,1,1.0,92.89,hoch,governance_input
Ukraine,market_food,2026-04,2026-04-01,2026-04-13,20.21,ok,2,2,1.0,96.33,hoch,"fao_ffpi,fao_fpma"
Ukraine,shock,2026-04,2026-04-01,2026-04-13,29.89,ok,1,1,1.0,92.89,hoch,gdacs
Ukraine,displacement,2026-04,2026-04-01,2026-04-13,60.09,ok,1,1,1.0,93.14,hoch,unhcr
Ukraine,structural,2026-04,2026-04-01,2026-04-13,96.0,ok,1,1,1.0,82.02,hoch,un_comtrade
