source_id,country,period_start,period_end,topic,narrative_direction,relevance,confidence,provenance
regional_expert_brief,Germany,2025-05-01,2025-05-31,governance_contestation,neutral,0.561,0.720,NARRATIVE_snapshot_v43
regional_expert_brief,Germany,2025-06-01,2025-06-30,societal_stress,neutral,0.596,0.737,NARRATIVE_snapshot_v43
regional_expert_brief,Germany,2025-07-01,2025-07-31,societal_stress,neutral,0.562,0.721,NARRATIVE_snapshot_v43
regional_expert_brief,Germany,2025-08-01,2025-08-31,governance_contestation,deescalatory,0.517,0.700,NARRATIVE_snapshot_v43
regional_expert_brief,Germany,2025-09-01,2025-09-30,societal_stress,deescalatory,0.487,0.686,NARRATIVE_snapshot_v43
regional_expert_brief,Germany,2025-10-01,2025-10-31,societal_stress,deescalatory,0.492,0.689,NARRATIVE_snapshot_v43
regional_expert_brief,Germany,2025-11-01,2025-11-30,governance_contestation,neutral,0.550,0.715,NARRATIVE_snapshot_v43
regional_expert_brief,Germany,2025-12-01,2025-12-31,societal_stress,neutral,0.614,0.745,NARRATIVE_snapshot_v43
regional_expert_brief,Germany,2026-01-01,2026-01-31,societal_stress,neutral,0.586,0.732,NARRATIVE_snapshot_v43
regional_expert_brief,Germany,2026-02-01,2026-02-28,governance_contestation,deescalatory,0.523,0.703,NARRATIVE_snapshot_v43
regional_expert_brief,Germany,2026-03-01,2026-03-31,societal_stress,deescalatory,0.487,0.686,NARRATIVE_snapshot_v43
regional_expert_brief,Germany,2026-04-01,2026-04-12,societal_stress,deescalatory,0.486,0.686,NARRATIVE_snapshot_v43
regional_expert_brief,Israel,2025-05-01,2025-05-31,governance_contestation,escalatory,0.749,0.807,NARRATIVE_snapshot_v43
regional_expert_brief,Israel,2025-06-01,2025-06-30,societal_stress,escalatory,0.837,0.848,NARRATIVE_snapshot_v43
regional_expert_brief,Israel,2025-07-01,2025-07-31,societal_stress,escalatory,0.854,0.856,NARRATIVE_snapshot_v43
regional_expert_brief,Israel,2025-08-01,2025-08-31,governance_contestation,escalatory,0.765,0.815,NARRATIVE_snapshot_v43
regional_expert_brief,Israel,2025-09-01,2025-09-30,societal_stress,escalatory,0.705,0.787,NARRATIVE_snapshot_v43
regional_expert_brief,Israel,2025-10-01,2025-10-31,societal_stress,escalatory,0.704,0.786,NARRATIVE_snapshot_v43
regional_expert_brief,Israel,2025-11-01,2025-11-30,governance_contestation,escalatory,0.760,0.812,NARRATIVE_snapshot_v43
regional_expert_brief,Israel,2025-12-01,2025-12-31,societal_stress,escalatory,0.858,0.858,NARRATIVE_snapshot_v43
regional_expert_brief,Israel,2026-01-01,2026-01-31,societal_stress,escalatory,0.858,0.858,NARRATIVE_snapshot_v43
regional_expert_brief,Israel,2026-02-01,2026-02-28,governance_contestation,escalatory,0.760,0.812,NARRATIVE_snapshot_v43
regional_expert_brief,Israel,2026-03-01,2026-03-31,societal_stress,escalatory,0.704,0.786,NARRATIVE_snapshot_v43
regional_expert_brief,Israel,2026-04-01,2026-04-12,societal_stress,neutral,0.701,0.785,NARRATIVE_snapshot_v43
regional_expert_brief,Iran,2025-05-01,2025-05-31,governance_contestation,escalatory,0.865,0.861,NARRATIVE_snapshot_v43
regional_expert_brief,Iran,2025-06-01,2025-06-30,societal_stress,escalatory,0.937,0.894,NARRATIVE_snapshot_v43
regional_expert_brief,Iran,2025-07-01,2025-07-31,societal_stress,escalatory,0.937,0.894,NARRATIVE_snapshot_v43
regional_expert_brief,Iran,2025-08-01,2025-08-31,governance_contestation,escalatory,0.937,0.894,NARRATIVE_snapshot_v43
regional_expert_brief,Iran,2025-09-01,2025-09-30,societal_stress,escalatory,0.856,0.857,NARRATIVE_snapshot_v43
regional_expert_brief,Iran,2025-10-01,2025-10-31,societal_stress,escalatory,0.833,0.846,NARRATIVE_snapshot_v43
regional_expert_brief,Iran,2025-11-01,2025-11-30,governance_contestation,escalatory,0.861,0.859,NARRATIVE_snapshot_v43
regional_expert_brief,Iran,2025-12-01,2025-12-31,societal_stress,escalatory,0.914,0.884,NARRATIVE_snapshot_v43
regional_expert_brief,Iran,2026-01-01,2026-01-31,societal_stress,escalatory,0.937,0.894,NARRATIVE_snapshot_v43
regional_expert_brief,Iran,2026-02-01,2026-02-28,governance_contestation,escalatory,0.937,0.894,NARRATIVE_snapshot_v43
regional_expert_brief,Iran,2026-03-01,2026-03-31,societal_stress,escalatory,0.898,0.876,NARRATIVE_snapshot_v43
regional_expert_brief,Iran,2026-04-01,2026-04-12,societal_stress,escalatory,0.839,0.849,NARRATIVE_snapshot_v43
regional_expert_brief,Ukraine,2025-05-01,2025-05-31,governance_contestation,escalatory,0.821,0.840,NARRATIVE_snapshot_v43
regional_expert_brief,Ukraine,2025-06-01,2025-06-30,societal_stress,escalatory,0.864,0.860,NARRATIVE_snapshot_v43
regional_expert_brief,Ukraine,2025-07-01,2025-07-31,societal_stress,escalatory,0.935,0.893,NARRATIVE_snapshot_v43
regional_expert_brief,Ukraine,2025-08-01,2025-08-31,governance_contestation,escalatory,0.937,0.894,NARRATIVE_snapshot_v43
regional_expert_brief,Ukraine,2025-09-01,2025-09-30,societal_stress,escalatory,0.863,0.860,NARRATIVE_snapshot_v43
regional_expert_brief,Ukraine,2025-10-01,2025-10-31,societal_stress,escalatory,0.803,0.832,NARRATIVE_snapshot_v43
regional_expert_brief,Ukraine,2025-11-01,2025-11-30,governance_contestation,escalatory,0.821,0.840,NARRATIVE_snapshot_v43
regional_expert_brief,Ukraine,2025-12-01,2025-12-31,societal_stress,escalatory,0.857,0.857,NARRATIVE_snapshot_v43
regional_expert_brief,Ukraine,2026-01-01,2026-01-31,societal_stress,escalatory,0.909,0.881,NARRATIVE_snapshot_v43
regional_expert_brief,Ukraine,2026-02-01,2026-02-28,governance_contestation,escalatory,0.937,0.894,NARRATIVE_snapshot_v43
regional_expert_brief,Ukraine,2026-03-01,2026-03-31,societal_stress,escalatory,0.882,0.869,NARRATIVE_snapshot_v43
regional_expert_brief,Ukraine,2026-04-01,2026-04-12,societal_stress,escalatory,0.810,0.836,NARRATIVE_snapshot_v43
regional_expert_brief,Russia,2025-05-01,2025-05-31,governance_contestation,escalatory,0.782,0.823,NARRATIVE_snapshot_v43
regional_expert_brief,Russia,2025-06-01,2025-06-30,societal_stress,escalatory,0.830,0.845,NARRATIVE_snapshot_v43
regional_expert_brief,Russia,2025-07-01,2025-07-31,societal_stress,escalatory,0.896,0.875,NARRATIVE_snapshot_v43
regional_expert_brief,Russia,2025-08-01,2025-08-31,governance_contestation,escalatory,0.892,0.873,NARRATIVE_snapshot_v43
regional_expert_brief,Russia,2025-09-01,2025-09-30,societal_stress,escalatory,0.796,0.829,NARRATIVE_snapshot_v43
regional_expert_brief,Russia,2025-10-01,2025-10-31,societal_stress,escalatory,0.758,0.811,NARRATIVE_snapshot_v43
regional_expert_brief,Russia,2025-11-01,2025-11-30,governance_contestation,escalatory,0.782,0.822,NARRATIVE_snapshot_v43
regional_expert_brief,Russia,2025-12-01,2025-12-31,societal_stress,escalatory,0.817,0.839,NARRATIVE_snapshot_v43
regional_expert_brief,Russia,2026-01-01,2026-01-31,societal_stress,escalatory,0.864,0.860,NARRATIVE_snapshot_v43
regional_expert_brief,Russia,2026-02-01,2026-02-28,governance_contestation,escalatory,0.891,0.873,NARRATIVE_snapshot_v43
regional_expert_brief,Russia,2026-03-01,2026-03-31,societal_stress,escalatory,0.820,0.840,NARRATIVE_snapshot_v43
regional_expert_brief,Russia,2026-04-01,2026-04-12,societal_stress,escalatory,0.765,0.815,NARRATIVE_snapshot_v43
regional_expert_brief,Japan,2025-05-01,2025-05-31,governance_contestation,deescalatory,0.482,0.684,NARRATIVE_snapshot_v43
regional_expert_brief,Japan,2025-06-01,2025-06-30,societal_stress,deescalatory,0.510,0.697,NARRATIVE_snapshot_v43
regional_expert_brief,Japan,2025-07-01,2025-07-31,societal_stress,deescalatory,0.514,0.699,NARRATIVE_snapshot_v43
regional_expert_brief,Japan,2025-08-01,2025-08-31,governance_contestation,deescalatory,0.505,0.694,NARRATIVE_snapshot_v43
regional_expert_brief,Japan,2025-09-01,2025-09-30,societal_stress,deescalatory,0.493,0.689,NARRATIVE_snapshot_v43
regional_expert_brief,Japan,2025-10-01,2025-10-31,societal_stress,deescalatory,0.474,0.680,NARRATIVE_snapshot_v43
regional_expert_brief,Japan,2025-11-01,2025-11-30,governance_contestation,deescalatory,0.485,0.686,NARRATIVE_snapshot_v43
regional_expert_brief,Japan,2025-12-01,2025-12-31,societal_stress,deescalatory,0.510,0.697,NARRATIVE_snapshot_v43
regional_expert_brief,Japan,2026-01-01,2026-01-31,societal_stress,deescalatory,0.510,0.697,NARRATIVE_snapshot_v43
regional_expert_brief,Japan,2026-02-01,2026-02-28,governance_contestation,deescalatory,0.482,0.684,NARRATIVE_snapshot_v43
regional_expert_brief,Japan,2026-03-01,2026-03-31,societal_stress,deescalatory,0.454,0.671,NARRATIVE_snapshot_v43
regional_expert_brief,Japan,2026-04-01,2026-04-12,societal_stress,deescalatory,0.454,0.671,NARRATIVE_snapshot_v43
regional_expert_brief,China,2025-05-01,2025-05-31,governance_contestation,neutral,0.658,0.765,NARRATIVE_snapshot_v43
regional_expert_brief,China,2025-06-01,2025-06-30,societal_stress,neutral,0.688,0.779,NARRATIVE_snapshot_v43
regional_expert_brief,China,2025-07-01,2025-07-31,societal_stress,escalatory,0.708,0.788,NARRATIVE_snapshot_v43
regional_expert_brief,China,2025-08-01,2025-08-31,governance_contestation,escalatory,0.718,0.793,NARRATIVE_snapshot_v43
regional_expert_brief,China,2025-09-01,2025-09-30,societal_stress,neutral,0.679,0.775,NARRATIVE_snapshot_v43
regional_expert_brief,China,2025-10-01,2025-10-31,societal_stress,neutral,0.642,0.758,NARRATIVE_snapshot_v43
regional_expert_brief,China,2025-11-01,2025-11-30,governance_contestation,neutral,0.659,0.765,NARRATIVE_snapshot_v43
regional_expert_brief,China,2025-12-01,2025-12-31,societal_stress,neutral,0.688,0.779,NARRATIVE_snapshot_v43
regional_expert_brief,China,2026-01-01,2026-01-31,societal_stress,escalatory,0.709,0.789,NARRATIVE_snapshot_v43
regional_expert_brief,China,2026-02-01,2026-02-28,governance_contestation,escalatory,0.723,0.795,NARRATIVE_snapshot_v43
regional_expert_brief,China,2026-03-01,2026-03-31,societal_stress,neutral,0.686,0.778,NARRATIVE_snapshot_v43
regional_expert_brief,China,2026-04-01,2026-04-12,societal_stress,neutral,0.644,0.759,NARRATIVE_snapshot_v43
regional_expert_brief,Taiwan,2025-05-01,2025-05-31,governance_contestation,neutral,0.690,0.780,NARRATIVE_snapshot_v43
regional_expert_brief,Taiwan,2025-06-01,2025-06-30,societal_stress,escalatory,0.720,0.794,NARRATIVE_snapshot_v43
regional_expert_brief,Taiwan,2025-07-01,2025-07-31,societal_stress,escalatory,0.737,0.802,NARRATIVE_snapshot_v43
regional_expert_brief,Taiwan,2025-08-01,2025-08-31,governance_contestation,escalatory,0.756,0.810,NARRATIVE_snapshot_v43
regional_expert_brief,Taiwan,2025-09-01,2025-09-30,societal_stress,escalatory,0.731,0.799,NARRATIVE_snapshot_v43
regional_expert_brief,Taiwan,2025-10-01,2025-10-31,societal_stress,neutral,0.684,0.777,NARRATIVE_snapshot_v43
regional_expert_brief,Taiwan,2025-11-01,2025-11-30,governance_contestation,neutral,0.692,0.781,NARRATIVE_snapshot_v43
regional_expert_brief,Taiwan,2025-12-01,2025-12-31,societal_stress,escalatory,0.719,0.793,NARRATIVE_snapshot_v43
regional_expert_brief,Taiwan,2026-01-01,2026-01-31,societal_stress,escalatory,0.731,0.799,NARRATIVE_snapshot_v43
regional_expert_brief,Taiwan,2026-02-01,2026-02-28,governance_contestation,escalatory,0.748,0.807,NARRATIVE_snapshot_v43
regional_expert_brief,Taiwan,2026-03-01,2026-03-31,societal_stress,escalatory,0.744,0.805,NARRATIVE_snapshot_v43
regional_expert_brief,Taiwan,2026-04-01,2026-04-12,societal_stress,neutral,0.697,0.783,NARRATIVE_snapshot_v43
regional_expert_brief,Poland,2025-05-01,2025-05-31,governance_contestation,neutral,0.606,0.741,NARRATIVE_snapshot_v43
regional_expert_brief,Poland,2025-06-01,2025-06-30,societal_stress,neutral,0.634,0.754,NARRATIVE_snapshot_v43
regional_expert_brief,Poland,2025-07-01,2025-07-31,societal_stress,neutral,0.643,0.758,NARRATIVE_snapshot_v43
regional_expert_brief,Poland,2025-08-01,2025-08-31,governance_contestation,neutral,0.647,0.760,NARRATIVE_snapshot_v43
regional_expert_brief,Poland,2025-09-01,2025-09-30,societal_stress,neutral,0.634,0.754,NARRATIVE_snapshot_v43
regional_expert_brief,Poland,2025-10-01,2025-10-31,societal_stress,neutral,0.600,0.739,NARRATIVE_snapshot_v43
regional_expert_brief,Poland,2025-11-01,2025-11-30,governance_contestation,neutral,0.608,0.742,NARRATIVE_snapshot_v43
regional_expert_brief,Poland,2025-12-01,2025-12-31,societal_stress,neutral,0.635,0.755,NARRATIVE_snapshot_v43
regional_expert_brief,Poland,2026-01-01,2026-01-31,societal_stress,neutral,0.651,0.762,NARRATIVE_snapshot_v43
regional_expert_brief,Poland,2026-02-01,2026-02-28,governance_contestation,neutral,0.662,0.767,NARRATIVE_snapshot_v43
regional_expert_brief,Poland,2026-03-01,2026-03-31,societal_stress,neutral,0.633,0.754,NARRATIVE_snapshot_v43
regional_expert_brief,Poland,2026-04-01,2026-04-12,societal_stress,neutral,0.594,0.736,NARRATIVE_snapshot_v43
regional_expert_brief,Nigeria,2025-05-01,2025-05-31,governance_contestation,escalatory,0.804,0.832,NARRATIVE_snapshot_v43
regional_expert_brief,Nigeria,2025-06-01,2025-06-30,societal_stress,escalatory,0.863,0.860,NARRATIVE_snapshot_v43
regional_expert_brief,Nigeria,2025-07-01,2025-07-31,societal_stress,escalatory,0.937,0.894,NARRATIVE_snapshot_v43
regional_expert_brief,Nigeria,2025-08-01,2025-08-31,governance_contestation,escalatory,0.913,0.883,NARRATIVE_snapshot_v43
regional_expert_brief,Nigeria,2025-09-01,2025-09-30,societal_stress,escalatory,0.806,0.834,NARRATIVE_snapshot_v43
regional_expert_brief,Nigeria,2025-10-01,2025-10-31,societal_stress,escalatory,0.776,0.820,NARRATIVE_snapshot_v43
regional_expert_brief,Nigeria,2025-11-01,2025-11-30,governance_contestation,escalatory,0.804,0.833,NARRATIVE_snapshot_v43
regional_expert_brief,Nigeria,2025-12-01,2025-12-31,societal_stress,escalatory,0.867,0.861,NARRATIVE_snapshot_v43
regional_expert_brief,Nigeria,2026-01-01,2026-01-31,societal_stress,escalatory,0.937,0.894,NARRATIVE_snapshot_v43
regional_expert_brief,Nigeria,2026-02-01,2026-02-28,governance_contestation,escalatory,0.937,0.894,NARRATIVE_snapshot_v43
regional_expert_brief,Nigeria,2026-03-01,2026-03-31,societal_stress,escalatory,0.816,0.838,NARRATIVE_snapshot_v43
regional_expert_brief,Nigeria,2026-04-01,2026-04-12,societal_stress,escalatory,0.777,0.820,NARRATIVE_snapshot_v43
